read_id,pod5_file,target_gene,signal_start,signal_end,label,coverage_pct
8f80cf4e-090f-4d59-9510-a1e2d045f6de,PAQ63858_pass_barcode48_33cbe55b_d2f2cde4_1.pod5,NONE_BACKGROUND,10000,40000,0,0.0
3a079f76-1213-4cd5-b8ac-92ce491a0079,PAQ63858_pass_barcode48_33cbe55b_d2f2cde4_5.pod5,NONE_BACKGROUND,10000,40000,0,0.0
feb820e3-81f4-4354-abb5-2d7aba7be508,PAQ63858_pass_barcode48_33cbe55b_d2f2cde4_0.pod5,ENA|HEE1644226|HEE1644226.1,17404,24244,1,100.0
cb29e533-e9e1-42b5-bf2f-54e94046d6c4,PAQ63858_pass_barcode48_33cbe55b_d2f2cde4_0.pod5,NONE_BACKGROUND,10000,40000,0,0.0
528f3ee2-afd6-4ca8-a9c3-213352c8cb1d,PAQ63858_pass_barcode48_33cbe55b_d2f2cde4_6.pod5,NONE_BACKGROUND,10000,40000,0,0.0
96af565c-737a-4d99-ada9-dbbf28d04b10,PAQ63858_pass_barcode48_33cbe55b_d2f2cde4_0.pod5,NONE_BACKGROUND,10000,40000,0,0.0
374dfdb2-749a-4e86-85d9-cafde806484f,PAQ63858_pass_barcode48_33cbe55b_d2f2cde4_8.pod5,NONE_BACKGROUND,10000,40000,0,0.0
45d2d7a7-2722-4a11-8e17-c39045819020,PAQ63858_pass_barcode48_33cbe55b_d2f2cde4_12.pod5,ENA|HEE1644226|HEE1644226.1,60238,73180,1,99.88
26852034-2ec6-4cd7-bdf7-e26ff3cd3aee,PAQ63858_pass_barcode48_33cbe55b_d2f2cde4_3.pod5,NONE_BACKGROUND,10000,40000,0,0.0
9aeedf9b-429b-4bbd-9f83-e94ba144813a,PAQ63858_pass_barcode48_33cbe55b_d2f2cde4_1.pod5,NONE_BACKGROUND,10000,40000,0,0.0
2bc4f4e3-4431-485d-88aa-31f1d124afc8,PAQ63858_pass_barcode48_33cbe55b_d2f2cde4_10.pod5,NONE_BACKGROUND,10000,40000,0,0.0
2f828a87-91bd-4b71-89f3-7ef75ad567fd,PAQ63858_pass_barcode48_33cbe55b_d2f2cde4_9.pod5,NONE_BACKGROUND,10000,40000,0,0.0
94de0415-e12a-4e75-8ef7-72a29826e540,PAQ63858_pass_barcode48_33cbe55b_d2f2cde4_9.pod5,NONE_BACKGROUND,10000,40000,0,0.0
1c7f4846-d296-418f-9f7b-a2927f4d5cf8,PAQ63858_pass_barcode48_33cbe55b_d2f2cde4_2.pod5,ENA|HEE1644226|HEE1644226.1,74686,83680,1,100.0
6e3ff78c-af3c-47f3-a2b6-b36d9f514450,PAQ63858_pass_barcode48_33cbe55b_d2f2cde4_11.pod5,NONE_BACKGROUND,10000,40000,0,0.0
d070e2b5-35a2-452f-ad14-39ee392972d4,PAQ63858_pass_barcode48_33cbe55b_d2f2cde4_4.pod5,NONE_BACKGROUND,10000,40000,0,0.0
5a60cd40-e490-480d-a28c-27050c3c0581,PAQ63858_pass_barcode48_33cbe55b_d2f2cde4_4.pod5,ENA|HEE1644226|HEE1644226.1,18568,29290,1,100.0
ca49a6c4-e289-4f3f-8e1e-712c894b7aea,PAQ63858_pass_barcode48_33cbe55b_d2f2cde4_6.pod5,NONE_BACKGROUND,10000,40000,0,0.0
113ce4f4-7b96-4236-87e0-b7daf2c90dad,PAQ63858_pass_barcode48_33cbe55b_d2f2cde4_1.pod5,NONE_BACKGROUND,10000,40000,0,0.0
90d58529-ea54-4331-a04c-9d9b8a424983,PAQ63858_pass_barcode48_33cbe55b_d2f2cde4_4.pod5,NONE_BACKGROUND,10000,40000,0,0.0
fa7550f1-f686-4c71-bd2e-3aeeb91f96ba,PAQ63858_pass_barcode48_33cbe55b_d2f2cde4_11.pod5,NONE_BACKGROUND,10000,40000,0,0.0
5b6aa407-d900-46cc-be09-b5d93db2023b,PAQ63858_pass_barcode48_33cbe55b_d2f2cde4_3.pod5,NONE_BACKGROUND,10000,40000,0,0.0
c37f33f3-a627-40f4-81de-a4617d7f8f67,PAQ63858_pass_barcode48_33cbe55b_d2f2cde4_6.pod5,ENA|MZ092836|MZ092836.1,10024,25012,1,97.28
7bed94ae-2aff-427f-ac15-b5806636c429,PAQ63858_pass_barcode48_33cbe55b_d2f2cde4_2.pod5,NONE_BACKGROUND,10000,40000,0,0.0
a5b12f1d-e58b-44c3-a13b-663d046b6b84,PAQ63858_pass_barcode48_33cbe55b_d2f2cde4_3.pod5,NONE_BACKGROUND,10000,40000,0,0.0
785a23c7-1b5a-42e5-926f-bec38d1f0424,PAQ63858_pass_barcode48_33cbe55b_d2f2cde4_7.pod5,NONE_BACKGROUND,10000,40000,0,0.0
d33dedbb-4a98-4ba1-bca6-6e3507f75614,PAQ63858_pass_barcode48_33cbe55b_d2f2cde4_8.pod5,NONE_BACKGROUND,10000,40000,0,0.0
91eabfaa-dc3f-4781-92c5-c1eda899ddfb,PAQ63858_pass_barcode48_33cbe55b_d2f2cde4_8.pod5,ENA|MZ092836|MZ092836.1,14818,29374,1,100.0
d2d7fbc4-eec6-4244-84b8-8d84dd3d4fea,PAQ63858_pass_barcode48_33cbe55b_d2f2cde4_6.pod5,NONE_BACKGROUND,10000,40000,0,0.0
730702fa-78ce-4e70-b382-dbed0119c823,PAQ63858_pass_barcode48_33cbe55b_d2f2cde4_11.pod5,NONE_BACKGROUND,10000,40000,0,0.0
b5b56ad9-ee45-418e-ac69-9c46cae67c2b,PAQ63858_pass_barcode48_33cbe55b_d2f2cde4_11.pod5,NONE_BACKGROUND,10000,40000,0,0.0
f8802646-c6da-47bb-8dfe-2e5339bb0ac3,PAQ63858_pass_barcode48_33cbe55b_d2f2cde4_11.pod5,NONE_BACKGROUND,10000,40000,0,0.0
cede30fd-1518-4d1c-971a-40dfc20a1069,PAQ63858_pass_barcode48_33cbe55b_d2f2cde4_0.pod5,NONE_BACKGROUND,10000,40000,0,0.0
d8b70acb-a13d-4ec6-8fe8-52a4e0d1fa6b,PAQ63858_pass_barcode48_33cbe55b_d2f2cde4_5.pod5,ENA|MH733892|MH733892.1,158086,168868,1,100.0
7754fdfd-82a9-4120-861a-6584a778388a,PAQ63858_pass_barcode48_33cbe55b_d2f2cde4_9.pod5,NONE_BACKGROUND,10000,40000,0,0.0
1e94c49a-8689-4d5c-8902-5bf10d7aa164,PAQ63858_pass_barcode48_33cbe55b_d2f2cde4_3.pod5,NONE_BACKGROUND,10000,40000,0,0.0
9efca091-9363-4447-8c19-3ecb423ad088,PAQ63858_pass_barcode48_33cbe55b_d2f2cde4_9.pod5,ENA|HEE1644226|HEE1644226.1,130942,141658,1,100.0
589fe6e4-9dcf-4195-bc8e-959f3f7a7ad2,PAQ63858_pass_barcode48_33cbe55b_d2f2cde4_9.pod5,ENA|HEE1644226|HEE1644226.1,59008,69634,1,100.0
96f7569e-fc8e-4ce2-bdfc-0ad662f4ce65,PAQ63858_pass_barcode48_33cbe55b_d2f2cde4_11.pod5,NONE_BACKGROUND,10000,40000,0,0.0
e98e0561-cff8-4567-a858-07e0be63d844,PAQ63858_pass_barcode48_33cbe55b_d2f2cde4_5.pod5,ENA|MH733892|MH733892.1,57964,67534,1,100.0
462c0659-4dea-4ca7-a66c-dd2e075e6491,PAQ63858_pass_barcode48_33cbe55b_d2f2cde4_12.pod5,ENA|HEE1644226|HEE1644226.1,32026,42550,1,100.0
fd4c1807-88b7-4b53-91e7-acf066076e57,PAQ63858_pass_barcode48_33cbe55b_d2f2cde4_8.pod5,ENA|HEE1644226|HEE1644226.1,5860,21490,1,100.0
56d0cbc3-dcc6-4320-9ccb-5ee585e4c888,PAQ63858_pass_barcode48_33cbe55b_d2f2cde4_2.pod5,NONE_BACKGROUND,10000,40000,0,0.0
303b7da9-21a9-47a1-b2c4-43ec94c6082b,PAQ63858_pass_barcode48_33cbe55b_d2f2cde4_0.pod5,NONE_BACKGROUND,10000,40000,0,0.0
19be8795-f050-4613-b2af-138a7d3b3437,PAQ63858_pass_barcode48_33cbe55b_d2f2cde4_3.pod5,NONE_BACKGROUND,10000,40000,0,0.0
a8e641fa-4a9f-498f-b9db-b74c86aa9651,PAQ63858_pass_barcode48_33cbe55b_d2f2cde4_7.pod5,NONE_BACKGROUND,10000,40000,0,0.0
27ca1cce-100c-4189-88cc-37f538e60d0f,PAQ63858_pass_barcode48_33cbe55b_d2f2cde4_11.pod5,NONE_BACKGROUND,10000,40000,0,0.0
fe84adce-c7bb-48bc-bfe5-756ab83874c1,PAQ63858_pass_barcode48_33cbe55b_d2f2cde4_12.pod5,NONE_BACKGROUND,10000,40000,0,0.0
cb064c75-e695-46b1-982e-41b0b12ad1b7,PAQ63858_pass_barcode48_33cbe55b_d2f2cde4_0.pod5,ENA|HEE1644226|HEE1644226.1,1456,11632,1,99.64
573cb00c-ff85-40f2-8dc2-4c5d84159cc6,PAQ63858_pass_barcode48_33cbe55b_d2f2cde4_2.pod5,NONE_BACKGROUND,10000,40000,0,0.0
64287d02-3d1b-46eb-a219-b882fc7f964c,PAQ63858_pass_barcode48_33cbe55b_d2f2cde4_5.pod5,NONE_BACKGROUND,10000,40000,0,0.0
fc15e6b6-0f27-4113-b821-b6aa13c42c3f,PAQ63858_pass_barcode48_33cbe55b_d2f2cde4_5.pod5,NONE_BACKGROUND,10000,40000,0,0.0
dfaacbff-3c9a-4915-9e6e-2663ec9770eb,PAQ63858_pass_barcode48_33cbe55b_d2f2cde4_12.pod5,NONE_BACKGROUND,10000,40000,0,0.0
ca12e4b8-200b-46c5-b22c-e09a8cd45e10,PAQ63858_pass_barcode48_33cbe55b_d2f2cde4_7.pod5,NONE_BACKGROUND,10000,40000,0,0.0
7bab8134-1ebd-4a1b-84c2-aa7dd22ac3a3,PAQ63858_pass_barcode48_33cbe55b_d2f2cde4_4.pod5,NONE_BACKGROUND,10000,40000,0,0.0
796f7db8-def1-4de3-80ae-11de060d6660,PAQ63858_pass_barcode48_33cbe55b_d2f2cde4_10.pod5,NONE_BACKGROUND,10000,40000,0,0.0
93976447-b3c2-483f-8cbb-74d4373383f3,PAQ63858_pass_barcode48_33cbe55b_d2f2cde4_0.pod5,NONE_BACKGROUND,10000,40000,0,0.0
0ddd08e8-8892-4a94-8dc7-11a4c813f8a0,PAQ63858_pass_barcode48_33cbe55b_d2f2cde4_10.pod5,NONE_BACKGROUND,10000,40000,0,0.0
32e98857-c036-4c42-8693-90df5fed8647,PAQ63858_pass_barcode48_33cbe55b_d2f2cde4_1.pod5,NONE_BACKGROUND,10000,40000,0,0.0
b763b164-8aa4-4eab-b792-c6a646dd870a,PAQ63858_pass_barcode48_33cbe55b_d2f2cde4_1.pod5,NONE_BACKGROUND,10000,40000,0,0.0
f6cbad2e-47ec-4679-9975-f268c34b6c92,PAQ63858_pass_barcode48_33cbe55b_d2f2cde4_7.pod5,NONE_BACKGROUND,10000,40000,0,0.0
ab47c9aa-0b79-452b-a0ea-41f36831c59a,PAQ63858_pass_barcode48_33cbe55b_d2f2cde4_10.pod5,NONE_BACKGROUND,10000,40000,0,0.0
5941fd10-dcd2-48c8-9b7f-fdb09c8c5027,PAQ63858_pass_barcode48_33cbe55b_d2f2cde4_6.pod5,NONE_BACKGROUND,10000,40000,0,0.0
a39e0731-6a20-4769-be00-abd64d1b0c3e,PAQ63858_pass_barcode48_33cbe55b_d2f2cde4_4.pod5,NONE_BACKGROUND,10000,40000,0,0.0
cfd9a1ee-2110-4001-a1bd-cd5d378d6f6c,PAQ63858_pass_barcode48_33cbe55b_d2f2cde4_6.pod5,NONE_BACKGROUND,10000,40000,0,0.0
c27af732-5750-44b0-b0d8-022ea9e8877c,PAQ63858_pass_barcode48_33cbe55b_d2f2cde4_3.pod5,NONE_BACKGROUND,10000,40000,0,0.0
bbb8bc0b-899a-46c7-bf34-d6d3826d72c6,PAQ63858_pass_barcode48_33cbe55b_d2f2cde4_8.pod5,NONE_BACKGROUND,10000,40000,0,0.0
aa5fe883-39de-4dca-9ca7-f56303db2341,PAQ63858_pass_barcode48_33cbe55b_d2f2cde4_10.pod5,ENA|HEE1644226|HEE1644226.1,59740,71788,1,100.0
d0250744-1765-474d-bc79-1c2a61fac626,PAQ63858_pass_barcode48_33cbe55b_d2f2cde4_1.pod5,NONE_BACKGROUND,10000,40000,0,0.0
7eee02a4-97d0-41bb-8d63-e41c1528ee7d,PAQ63858_pass_barcode48_33cbe55b_d2f2cde4_7.pod5,ENA|HEE1644226|HEE1644226.1,37558,51580,1,100.0
997b8a02-68af-4d58-9bae-b93cdf63af6e,PAQ63858_pass_barcode48_33cbe55b_d2f2cde4_4.pod5,ENA|HEE1644226|HEE1644226.1,21112,31246,1,100.0
e5ae83ac-59a9-4f48-85dd-beddca41765a,PAQ63858_pass_barcode48_33cbe55b_d2f2cde4_6.pod5,NONE_BACKGROUND,10000,40000,0,0.0
cd8063bf-574b-4e9a-8d91-cb0c50427036,PAQ63858_pass_barcode48_33cbe55b_d2f2cde4_0.pod5,NONE_BACKGROUND,10000,40000,0,0.0
3b81a278-3f4e-499f-83bb-f6dd21b8b274,PAQ63858_pass_barcode48_33cbe55b_d2f2cde4_9.pod5,NONE_BACKGROUND,10000,40000,0,0.0
a081e37e-6ccb-4499-acd9-82893ca5f37c,PAQ63858_pass_barcode48_33cbe55b_d2f2cde4_5.pod5,NONE_BACKGROUND,10000,40000,0,0.0
ed1fe079-c0d0-49a6-8c49-358ed14e031e,PAQ63858_pass_barcode48_33cbe55b_d2f2cde4_11.pod5,NONE_BACKGROUND,10000,40000,0,0.0
a5e5c01d-19df-42d3-98c3-a11bcef89c7c,PAQ63858_pass_barcode48_33cbe55b_d2f2cde4_2.pod5,ENA|HEE1644226|HEE1644226.1,66070,77068,1,100.0
219b3bfe-283e-4ca6-aa01-cca84f98d40b,PAQ63858_pass_barcode48_33cbe55b_d2f2cde4_2.pod5,ENA|HEE1644226|HEE1644226.1,20260,29626,1,100.0
c44e5d5e-fa0f-41d0-879f-a08944e25102,PAQ63858_pass_barcode48_33cbe55b_d2f2cde4_6.pod5,NONE_BACKGROUND,10000,40000,0,0.0
f41abad5-33bd-4d16-b1b6-d199bc2e8fd4,PAQ63858_pass_barcode48_33cbe55b_d2f2cde4_9.pod5,NONE_BACKGROUND,10000,40000,0,0.0
9a66c718-d9c6-428b-82f5-4f7ced81340b,PAQ63858_pass_barcode48_33cbe55b_d2f2cde4_6.pod5,NONE_BACKGROUND,10000,40000,0,0.0
a0b4d847-9fd2-408d-a71c-9574d58b9a52,PAQ63858_pass_barcode48_33cbe55b_d2f2cde4_8.pod5,NONE_BACKGROUND,10000,40000,0,0.0
6c978052-45a6-4a8d-a568-4fbcca396945,PAQ63858_pass_barcode48_33cbe55b_d2f2cde4_8.pod5,NONE_BACKGROUND,10000,40000,0,0.0
2c36bda2-4aec-436d-9485-db7c80734845,PAQ63858_pass_barcode48_33cbe55b_d2f2cde4_0.pod5,NONE_BACKGROUND,10000,40000,0,0.0
4c574655-3bb2-4e76-b586-e39667f8869d,PAQ63858_pass_barcode48_33cbe55b_d2f2cde4_10.pod5,NONE_BACKGROUND,10000,40000,0,0.0
4ae8cfcd-ad77-46eb-92fd-62854e3157ca,PAQ63858_pass_barcode48_33cbe55b_d2f2cde4_1.pod5,ENA|HEE1644226|HEE1644226.1,30370,42364,1,99.64
adc7c899-8ad7-4ad8-ae54-25ce3d89e7eb,PAQ63858_pass_barcode48_33cbe55b_d2f2cde4_10.pod5,ENA|HEE1644226|HEE1644226.1,17026,26476,1,100.0
050d0a1a-898e-4259-8592-fab9f3af594a,PAQ63858_pass_barcode48_33cbe55b_d2f2cde4_5.pod5,NONE_BACKGROUND,10000,40000,0,0.0
ea52aa50-0c30-42a6-894c-56b9e565b527,PAQ63858_pass_barcode48_33cbe55b_d2f2cde4_4.pod5,NONE_BACKGROUND,10000,40000,0,0.0
36b1104f-20a1-4d39-a136-a5c8918a3a55,PAQ63858_pass_barcode48_33cbe55b_d2f2cde4_4.pod5,NONE_BACKGROUND,10000,40000,0,0.0
ab339319-971a-4437-8d49-6005cc98b6b0,PAQ63858_pass_barcode48_33cbe55b_d2f2cde4_1.pod5,NONE_BACKGROUND,10000,40000,0,0.0
1d732c1e-1b33-4255-97a9-0f18fdfcc8a1,PAQ63858_pass_barcode48_33cbe55b_d2f2cde4_9.pod5,NONE_BACKGROUND,10000,40000,0,0.0
8fae2d0a-8cdb-44ca-a1aa-7a5b358f835f,PAQ63858_pass_barcode48_33cbe55b_d2f2cde4_2.pod5,NONE_BACKGROUND,10000,40000,0,0.0
8ba5d8b6-3260-40c1-b0d0-ddd3f564f1e7,PAQ63858_pass_barcode48_33cbe55b_d2f2cde4_4.pod5,NONE_BACKGROUND,10000,40000,0,0.0
d58da6fd-a267-4847-ace3-4a8f740d1245,PAQ63858_pass_barcode48_33cbe55b_d2f2cde4_5.pod5,NONE_BACKGROUND,10000,40000,0,0.0
8d6f4a8f-5ab1-4d7f-ace3-893ecb7d4061,PAQ63858_pass_barcode48_33cbe55b_d2f2cde4_7.pod5,NONE_BACKGROUND,10000,40000,0,0.0
e12fd9e0-5336-4797-8483-6f76142a2be2,PAQ63858_pass_barcode48_33cbe55b_d2f2cde4_10.pod5,ENA|MH733892|MH733892.1,13312,22888,1,100.0
bc9fbb66-e5fa-4a55-ad71-1132f7850998,PAQ63858_pass_barcode48_33cbe55b_d2f2cde4_6.pod5,NONE_BACKGROUND,10000,40000,0,0.0
1cac7bd4-76b0-47cf-8a19-80e59a0258e4,PAQ63858_pass_barcode48_33cbe55b_d2f2cde4_2.pod5,NONE_BACKGROUND,10000,40000,0,0.0
52895bac-8423-4e83-a481-dd1b7282d091,PAQ63858_pass_barcode48_33cbe55b_d2f2cde4_8.pod5,NONE_BACKGROUND,10000,40000,0,0.0
e4ffbdf1-bace-45df-957d-919064bac30a,PAQ63858_pass_barcode48_33cbe55b_d2f2cde4_7.pod5,NONE_BACKGROUND,10000,40000,0,0.0
1ea97d32-0fd6-42b9-a7d8-884a10dbff1a,PAQ63858_pass_barcode48_33cbe55b_d2f2cde4_5.pod5,NONE_BACKGROUND,10000,40000,0,0.0
f80ce9f5-c0f3-45cc-b180-054586a78279,PAQ63858_pass_barcode48_33cbe55b_d2f2cde4_0.pod5,ENA|HEE1644226|HEE1644226.1,152200,162766,1,100.0
7d0c43dd-2983-46ef-b3df-bc4afa6f7e77,PAQ63858_pass_barcode48_33cbe55b_d2f2cde4_7.pod5,ENA|HEE1644226|HEE1644226.1,133492,144814,1,99.88
caa2f11d-f489-4c1b-a319-09f33c90d76a,PAQ63858_pass_barcode48_33cbe55b_d2f2cde4_2.pod5,NONE_BACKGROUND,10000,40000,0,0.0
ad9c455c-7468-4048-8240-deb2f0ba3ed4,PAQ63858_pass_barcode48_33cbe55b_d2f2cde4_4.pod5,NONE_BACKGROUND,10000,40000,0,0.0
b82bce0d-bc9d-41e9-91f1-49b118ef5b47,PAQ63858_pass_barcode48_33cbe55b_d2f2cde4_11.pod5,NONE_BACKGROUND,10000,40000,0,0.0
00edc0e0-80a0-4a3f-848b-e61b15461aa6,PAQ63858_pass_barcode48_33cbe55b_d2f2cde4_8.pod5,NONE_BACKGROUND,10000,40000,0,0.0
021a7eea-2281-42c3-a178-955e6855ff2d,PAQ63858_pass_barcode48_33cbe55b_d2f2cde4_5.pod5,ENA|HEE1644226|HEE1644226.1,40570,50224,1,100.0
8a763b67-3c3b-4fa6-b81a-0002ecac2a45,PAQ63858_pass_barcode48_33cbe55b_d2f2cde4_10.pod5,NONE_BACKGROUND,10000,40000,0,0.0
17d12ca0-c7b6-49d4-ab74-7426d30b283c,PAQ63858_pass_barcode48_33cbe55b_d2f2cde4_10.pod5,ENA|HEE1644226|HEE1644226.1,43336,58558,1,100.0
c0de7cbf-428d-4d02-95c2-4b4c2e9f9436,PAQ63858_pass_barcode48_33cbe55b_d2f2cde4_1.pod5,ENA|HEE1644226|HEE1644226.1,256576,266458,1,98.69
390fe7e4-8115-4b9a-ac35-60edc0e09cd5,PAQ63858_pass_barcode48_33cbe55b_d2f2cde4_7.pod5,NONE_BACKGROUND,10000,40000,0,0.0
5cc4537e-7ed4-4115-b5d7-de5c27a820c4,PAQ63858_pass_barcode48_33cbe55b_d2f2cde4_2.pod5,NONE_BACKGROUND,10000,40000,0,0.0
a6dc9af6-c99f-43bc-bdaf-dc153e3bd5d2,PAQ63858_pass_barcode48_33cbe55b_d2f2cde4_7.pod5,NONE_BACKGROUND,10000,40000,0,0.0
e87f9557-903d-42fa-8051-91fcc0e318ec,PAQ63858_pass_barcode48_33cbe55b_d2f2cde4_0.pod5,NONE_BACKGROUND,10000,40000,0,0.0
dff6b784-0953-469e-8850-68ef8b65d1af,PAQ63858_pass_barcode48_33cbe55b_d2f2cde4_2.pod5,NONE_BACKGROUND,10000,40000,0,0.0
d94217d1-a480-4762-83f7-a643b295854f,PAQ63858_pass_barcode48_33cbe55b_d2f2cde4_6.pod5,NONE_BACKGROUND,10000,40000,0,0.0
185c032b-bc40-4ec5-b24f-46c5570824b6,PAQ63858_pass_barcode48_33cbe55b_d2f2cde4_11.pod5,ENA|HEE1644226|HEE1644226.1,19846,29200,1,100.0
25588d1c-1993-47f6-bab5-7210f041a5c7,PAQ63858_pass_barcode48_33cbe55b_d2f2cde4_1.pod5,ENA|HEE1644226|HEE1644226.1,29752,38608,1,100.0
be323535-77b1-4653-a998-0857cdbad200,PAQ63858_pass_barcode48_33cbe55b_d2f2cde4_6.pod5,ENA|MH733892|MH733892.1,62170,70216,1,100.0
33fa9644-dfe9-4d7e-9af2-ab1107f534dc,PAQ63858_pass_barcode48_33cbe55b_d2f2cde4_8.pod5,ENA|HEE1644226|HEE1644226.1,189946,200032,1,98.33
4f16c177-5ace-470a-afeb-6bc53a9c1080,PAQ63858_pass_barcode48_33cbe55b_d2f2cde4_1.pod5,NONE_BACKGROUND,10000,40000,0,0.0
797d33af-b160-446e-8a02-26b879ba85e7,PAQ63858_pass_barcode48_33cbe55b_d2f2cde4_9.pod5,NONE_BACKGROUND,10000,40000,0,0.0
bc4f8b6b-202a-42e5-94c4-c2964aaa89e8,PAQ63858_pass_barcode48_33cbe55b_d2f2cde4_12.pod5,NONE_BACKGROUND,10000,40000,0,0.0
1fbf82e5-1a72-42c9-95c0-19e7697c0fc1,PAQ63858_pass_barcode48_33cbe55b_d2f2cde4_9.pod5,NONE_BACKGROUND,10000,40000,0,0.0
c590b42f-6e07-462f-95f5-7865a116878f,PAQ63858_pass_barcode48_33cbe55b_d2f2cde4_6.pod5,NONE_BACKGROUND,10000,40000,0,0.0
a3ca36d4-5e20-4209-b75c-516b3464d977,PAQ63858_pass_barcode48_33cbe55b_d2f2cde4_0.pod5,NONE_BACKGROUND,10000,40000,0,0.0
b8b38305-58df-41be-8d50-a80b4c6d0dff,PAQ63858_pass_barcode48_33cbe55b_d2f2cde4_7.pod5,ENA|HEE1644226|HEE1644226.1,24016,34480,1,99.28
810795da-f844-465a-95ae-2cfc32192ce7,PAQ63858_pass_barcode48_33cbe55b_d2f2cde4_9.pod5,NONE_BACKGROUND,10000,40000,0,0.0
a7d493a7-7a9a-4cff-bb76-046089d4f3f7,PAQ63858_pass_barcode48_33cbe55b_d2f2cde4_0.pod5,NONE_BACKGROUND,10000,40000,0,0.0
00b80897-dc64-4e09-ae69-c6782fe8aeb9,PAQ63858_pass_barcode48_33cbe55b_d2f2cde4_2.pod5,ENA|HEE1644226|HEE1644226.1,2764,12994,1,100.0
10b2eab8-d273-49c0-a843-8744dc9fa90f,PAQ63858_pass_barcode48_33cbe55b_d2f2cde4_7.pod5,NONE_BACKGROUND,10000,40000,0,0.0
07685768-9830-4ab3-8c08-de9a672b59f1,PAQ63858_pass_barcode48_33cbe55b_d2f2cde4_10.pod5,NONE_BACKGROUND,10000,40000,0,0.0
05ee6a70-9816-4718-a836-7d8ffd62e60b,PAQ63858_pass_barcode48_33cbe55b_d2f2cde4_7.pod5,NONE_BACKGROUND,10000,40000,0,0.0
e568f494-39d1-43e9-8b4c-c55799d176c5,PAQ63858_pass_barcode48_33cbe55b_d2f2cde4_4.pod5,NONE_BACKGROUND,10000,40000,0,0.0
06712959-de62-464e-9298-927099fcb0f5,PAQ63858_pass_barcode48_33cbe55b_d2f2cde4_10.pod5,ENA|HEE1644226|HEE1644226.1,25870,37336,1,100.0
32ca9dea-d01b-4e3f-a54c-7916e66ba7d4,PAQ63858_pass_barcode48_33cbe55b_d2f2cde4_4.pod5,NONE_BACKGROUND,10000,40000,0,0.0
a4cf6b38-dcda-4d92-8140-80b425e1a809,PAQ63858_pass_barcode48_33cbe55b_d2f2cde4_12.pod5,NONE_BACKGROUND,10000,40000,0,0.0
67b8535c-d841-49ee-a256-8beb442a728e,PAQ63858_pass_barcode48_33cbe55b_d2f2cde4_3.pod5,NONE_BACKGROUND,10000,40000,0,0.0
3eb7a42f-0cba-4e47-82fe-72ea32885457,PAQ63858_pass_barcode48_33cbe55b_d2f2cde4_12.pod5,NONE_BACKGROUND,10000,40000,0,0.0
5f8ed2bc-e999-47f2-855e-6f87416ea3e3,PAQ63858_pass_barcode48_33cbe55b_d2f2cde4_5.pod5,NONE_BACKGROUND,10000,40000,0,0.0
58f22357-1c72-4304-9c6e-4dccc1e108a6,PAQ63858_pass_barcode48_33cbe55b_d2f2cde4_5.pod5,NONE_BACKGROUND,10000,40000,0,0.0
5944d6da-2a06-4bd7-bd71-d4b10323c36a,PAQ63858_pass_barcode48_33cbe55b_d2f2cde4_1.pod5,NONE_BACKGROUND,10000,40000,0,0.0
afd3c734-d158-43fd-84dd-420efb74c2b0,PAQ63858_pass_barcode48_33cbe55b_d2f2cde4_8.pod5,NONE_BACKGROUND,10000,40000,0,0.0
2e94fd26-1912-49f7-bf77-087daba6dfa0,PAQ63858_pass_barcode48_33cbe55b_d2f2cde4_5.pod5,NONE_BACKGROUND,10000,40000,0,0.0
7281d1b1-954d-45bf-a2c1-614e1446eba2,PAQ63858_pass_barcode48_33cbe55b_d2f2cde4_10.pod5,NONE_BACKGROUND,10000,40000,0,0.0
2aeee0a8-a559-4749-a4bd-2a934cb621ce,PAQ63858_pass_barcode48_33cbe55b_d2f2cde4_0.pod5,NONE_BACKGROUND,10000,40000,0,0.0
0228701f-c4cc-4527-8d22-d887e5430d28,PAQ63858_pass_barcode48_33cbe55b_d2f2cde4_1.pod5,ENA|HEE1644226|HEE1644226.1,37300,48028,1,100.0
e6edcd3e-1c8b-4b8f-b589-67974560ba3d,PAQ63858_pass_barcode48_33cbe55b_d2f2cde4_4.pod5,NONE_BACKGROUND,10000,40000,0,0.0
292ea265-5214-4042-9803-ba128fe8519f,PAQ63858_pass_barcode48_33cbe55b_d2f2cde4_6.pod5,ENA|HEE1644226|HEE1644226.1,17284,27394,1,99.28
a0d642bb-e125-4063-9011-f6e8950c6de6,PAQ63858_pass_barcode48_33cbe55b_d2f2cde4_3.pod5,NONE_BACKGROUND,10000,40000,0,0.0
b1b939bf-f25b-49a2-8bb8-d8f70e92467b,PAQ63858_pass_barcode48_33cbe55b_d2f2cde4_12.pod5,NONE_BACKGROUND,10000,40000,0,0.0
b5a5a1d9-8465-41a6-8582-6cbbcec2eeab,PAQ63858_pass_barcode48_33cbe55b_d2f2cde4_6.pod5,NONE_BACKGROUND,10000,40000,0,0.0
4258548c-7e6a-4aa9-9942-d523d1e77b1f,PAQ63858_pass_barcode48_33cbe55b_d2f2cde4_11.pod5,NONE_BACKGROUND,10000,40000,0,0.0
c88af0fd-b424-4cd6-9d48-939cef84191e,PAQ63858_pass_barcode48_33cbe55b_d2f2cde4_0.pod5,ENA|HEE1644226|HEE1644226.1,21592,31402,1,99.76
4ed931c1-8a58-4e89-89da-4abb828ac919,PAQ63858_pass_barcode48_33cbe55b_d2f2cde4_10.pod5,NONE_BACKGROUND,10000,40000,0,0.0
a82925f9-1e22-4211-9f98-6fbe77589668,PAQ63858_pass_barcode48_33cbe55b_d2f2cde4_2.pod5,NONE_BACKGROUND,10000,40000,0,0.0
01818d3e-31ba-4799-9ffa-610ebdb95414,PAQ63858_pass_barcode48_33cbe55b_d2f2cde4_12.pod5,NONE_BACKGROUND,10000,40000,0,0.0
93f6c859-3117-4da7-a9a6-8e1eadc9c04c,PAQ63858_pass_barcode48_33cbe55b_d2f2cde4_3.pod5,NONE_BACKGROUND,10000,40000,0,0.0
5a18e1df-42de-48b9-9ce9-8b2da8206617,PAQ63858_pass_barcode48_33cbe55b_d2f2cde4_2.pod5,NONE_BACKGROUND,10000,40000,0,0.0
0e74ae5a-04a7-4391-8d5f-d871828e69bf,PAQ63858_pass_barcode48_33cbe55b_d2f2cde4_10.pod5,NONE_BACKGROUND,10000,40000,0,0.0
0d8c86b4-10c7-4636-bf86-9441be446d39,PAQ63858_pass_barcode48_33cbe55b_d2f2cde4_5.pod5,NONE_BACKGROUND,10000,40000,0,0.0
81c913fd-9cb9-4fb1-b401-e1739da65535,PAQ63858_pass_barcode48_33cbe55b_d2f2cde4_3.pod5,NONE_BACKGROUND,10000,40000,0,0.0
5decfa62-af9f-4167-a492-d813c41aca1d,PAQ63858_pass_barcode48_33cbe55b_d2f2cde4_9.pod5,ENA|MH733892|MH733892.1,7474,18478,1,99.3
9d67dac6-5f57-4729-985e-d0b32d31010c,PAQ63858_pass_barcode48_33cbe55b_d2f2cde4_10.pod5,NONE_BACKGROUND,10000,40000,0,0.0
22522179-f818-4d1d-9484-4bd193e8a370,PAQ63858_pass_barcode48_33cbe55b_d2f2cde4_5.pod5,NONE_BACKGROUND,10000,40000,0,0.0
4c57449e-5265-4da6-8553-276737b535ce,PAQ63858_pass_barcode48_33cbe55b_d2f2cde4_2.pod5,NONE_BACKGROUND,10000,40000,0,0.0
19e8fcd6-a276-4b48-b276-5b172b937218,PAQ63858_pass_barcode48_33cbe55b_d2f2cde4_0.pod5,NONE_BACKGROUND,10000,40000,0,0.0
bb857074-e1ad-4236-bb66-aacf9455aa22,PAQ63858_pass_barcode48_33cbe55b_d2f2cde4_3.pod5,NONE_BACKGROUND,10000,40000,0,0.0
1e8042d2-e001-447a-ac30-30bd1ac511f0,PAQ63858_pass_barcode48_33cbe55b_d2f2cde4_10.pod5,ENA|HEE1644226|HEE1644226.1,112342,122314,1,99.28
5367052a-5a9d-4d4c-94d4-d864b8b424ae,PAQ63858_pass_barcode48_33cbe55b_d2f2cde4_8.pod5,ENA|MH733892|MH733892.1,23410,31744,1,100.0
e480bb12-f54d-4092-9aed-1dd0556806d5,PAQ63858_pass_barcode48_33cbe55b_d2f2cde4_4.pod5,NONE_BACKGROUND,10000,40000,0,0.0
1ffb0a52-2cc0-434b-96f4-6328dabb994d,PAQ63858_pass_barcode48_33cbe55b_d2f2cde4_2.pod5,ENA|MZ092836|MZ092836.1,43588,58816,1,100.0
42e951ff-b88d-4f54-a69f-2b3d8d0e67cd,PAQ63858_pass_barcode48_33cbe55b_d2f2cde4_5.pod5,NONE_BACKGROUND,10000,40000,0,0.0
21a6867e-1843-4c27-b835-d74ae7f7de82,PAQ63858_pass_barcode48_33cbe55b_d2f2cde4_9.pod5,NONE_BACKGROUND,10000,40000,0,0.0
d83a6fc1-4551-414f-ab23-633be9ba2805,PAQ63858_pass_barcode48_33cbe55b_d2f2cde4_0.pod5,NONE_BACKGROUND,10000,40000,0,0.0
ecbe4bc0-17af-4661-848e-729a2f83bea2,PAQ63858_pass_barcode48_33cbe55b_d2f2cde4_8.pod5,NONE_BACKGROUND,10000,40000,0,0.0
1d6c58f1-49ea-4432-a5d7-ce42bdc2bc84,PAQ63858_pass_barcode48_33cbe55b_d2f2cde4_8.pod5,ENA|MZ092836|MZ092836.1,100372,113242,1,100.0
cc94b18d-e0ab-4397-ba96-b9016563ce9d,PAQ63858_pass_barcode48_33cbe55b_d2f2cde4_3.pod5,ENA|MH733892|MH733892.1,463570,477154,1,100.0
24eed62b-3c18-458c-9991-06dbb6bf19a1,PAQ63858_pass_barcode48_33cbe55b_d2f2cde4_2.pod5,NONE_BACKGROUND,10000,40000,0,0.0
001432c8-3ee6-44e3-b5ec-6286706908da,PAQ63858_pass_barcode48_33cbe55b_d2f2cde4_1.pod5,NONE_BACKGROUND,10000,40000,0,0.0
b39b29ed-4cde-46ee-a084-59d5249a61cf,PAQ63858_pass_barcode48_33cbe55b_d2f2cde4_7.pod5,NONE_BACKGROUND,10000,40000,0,0.0
e659e7ac-f39f-4c52-a201-d3ffec3b130e,PAQ63858_pass_barcode48_33cbe55b_d2f2cde4_8.pod5,ENA|HEE1644226|HEE1644226.1,18250,28258,1,100.0
a1c23d16-3d66-48e4-a6b5-bb7256e79b69,PAQ63858_pass_barcode48_33cbe55b_d2f2cde4_6.pod5,NONE_BACKGROUND,10000,40000,0,0.0
57fb9197-b868-4643-8702-158b517ddd99,PAQ63858_pass_barcode48_33cbe55b_d2f2cde4_9.pod5,NONE_BACKGROUND,10000,40000,0,0.0
bc36e018-f7b2-43b5-9e22-24c82bf2c164,PAQ63858_pass_barcode48_33cbe55b_d2f2cde4_12.pod5,NONE_BACKGROUND,10000,40000,0,0.0
6af29ead-24bc-4fe0-b8b3-51966a13f996,PAQ63858_pass_barcode48_33cbe55b_d2f2cde4_8.pod5,NONE_BACKGROUND,10000,40000,0,0.0
fc170a50-bd3c-4797-90dc-f72be5a5e059,PAQ63858_pass_barcode48_33cbe55b_d2f2cde4_8.pod5,NONE_BACKGROUND,10000,40000,0,0.0
9ec88e53-3df1-460d-93cc-3d318fcef0df,PAQ63858_pass_barcode48_33cbe55b_d2f2cde4_6.pod5,NONE_BACKGROUND,10000,40000,0,0.0
fd8ec4db-1c03-4c04-bbb4-57053c7a54a5,PAQ63858_pass_barcode48_33cbe55b_d2f2cde4_10.pod5,NONE_BACKGROUND,10000,40000,0,0.0
23dc9214-4c8a-4fa3-8de5-b6531e46348f,PAQ63858_pass_barcode48_33cbe55b_d2f2cde4_7.pod5,NONE_BACKGROUND,10000,40000,0,0.0
3c9b0105-3ab2-4be7-82ee-b587ea1c7e6e,PAQ63858_pass_barcode48_33cbe55b_d2f2cde4_9.pod5,ENA|HEE1644226|HEE1644226.1,80374,89380,1,100.0
1132968f-0072-4d24-a069-05cc7f4092c2,PAQ63858_pass_barcode48_33cbe55b_d2f2cde4_7.pod5,NONE_BACKGROUND,10000,40000,0,0.0
f4895408-3b99-45d7-b880-4bb26632f8ff,PAQ63858_pass_barcode48_33cbe55b_d2f2cde4_3.pod5,NONE_BACKGROUND,10000,40000,0,0.0
6ec9432f-e038-4c27-9b6c-3b34f355be58,PAQ63858_pass_barcode48_33cbe55b_d2f2cde4_9.pod5,ENA|MZ092836|MZ092836.1,10360,29044,1,100.0
6d2a8069-73b3-440f-a63b-74070a9c8e13,PAQ63858_pass_barcode48_33cbe55b_d2f2cde4_0.pod5,NONE_BACKGROUND,10000,40000,0,0.0
cacc54cf-629f-4168-95f9-bdba68936612,PAQ63858_pass_barcode48_33cbe55b_d2f2cde4_8.pod5,NONE_BACKGROUND,10000,40000,0,0.0
6c4a95b0-9361-448d-afe9-ff11242a50be,PAQ63858_pass_barcode48_33cbe55b_d2f2cde4_1.pod5,NONE_BACKGROUND,10000,40000,0,0.0
b96c25d2-3ee8-4a52-a017-466f39dab5e8,PAQ63858_pass_barcode48_33cbe55b_d2f2cde4_4.pod5,NONE_BACKGROUND,10000,40000,0,0.0
df8b13d6-a68f-412f-818f-f56e48da56df,PAQ63858_pass_barcode48_33cbe55b_d2f2cde4_11.pod5,NONE_BACKGROUND,10000,40000,0,0.0
b61bc059-7dcb-486f-9ef3-7e1c0c5afaf8,PAQ63858_pass_barcode48_33cbe55b_d2f2cde4_1.pod5,NONE_BACKGROUND,10000,40000,0,0.0
44c85db7-2fbe-42f3-ac04-1acce74f8ca9,PAQ63858_pass_barcode48_33cbe55b_d2f2cde4_4.pod5,NONE_BACKGROUND,10000,40000,0,0.0
887b3b01-f619-4969-9b41-5ffe1c4484f5,PAQ63858_pass_barcode48_33cbe55b_d2f2cde4_7.pod5,NONE_BACKGROUND,10000,40000,0,0.0
dd838e9f-00e1-4eb1-b855-3884283ab815,PAQ63858_pass_barcode48_33cbe55b_d2f2cde4_3.pod5,ENA|HEE1644226|HEE1644226.1,45250,54988,1,99.64
fb8b7192-6294-419c-85df-172032719a19,PAQ63858_pass_barcode48_33cbe55b_d2f2cde4_9.pod5,NONE_BACKGROUND,10000,40000,0,0.0
5023fb3a-fa2d-4365-8ed3-768d199c66be,PAQ63858_pass_barcode48_33cbe55b_d2f2cde4_5.pod5,ENA|MZ092836|MZ092836.1,4432,19702,1,100.0
b63fd01c-5ee5-4b37-9fc7-90ce6ad6e99d,PAQ63858_pass_barcode48_33cbe55b_d2f2cde4_5.pod5,NONE_BACKGROUND,10000,40000,0,0.0
1cc61ba7-00aa-4123-b2c2-2b8b5aaad83c,PAQ63858_pass_barcode48_33cbe55b_d2f2cde4_0.pod5,NONE_BACKGROUND,10000,40000,0,0.0
f676b6ed-b36e-4b4f-bfbc-22e2052acf17,PAQ63858_pass_barcode48_33cbe55b_d2f2cde4_6.pod5,NONE_BACKGROUND,10000,40000,0,0.0
5eeb3d1a-af27-433c-b438-32361471eeee,PAQ63858_pass_barcode48_33cbe55b_d2f2cde4_2.pod5,ENA|MH733892|MH733892.1,42310,56146,1,100.0
5f433dc3-eeb4-4c20-8ce6-8706ded6a1e4,PAQ63858_pass_barcode48_33cbe55b_d2f2cde4_0.pod5,ENA|HEE1644226|HEE1644226.1,11122,23452,1,95.94
678a5788-83a4-4c59-bea9-f3dbbbf6fab0,PAQ63858_pass_barcode48_33cbe55b_d2f2cde4_11.pod5,NONE_BACKGROUND,10000,40000,0,0.0
725afe21-064c-4aa2-bf81-40fec6375532,PAQ63858_pass_barcode48_33cbe55b_d2f2cde4_12.pod5,ENA|MH733892|MH733892.1,212440,225670,1,100.0
073c0b3e-7855-4abb-a36d-04c8810d7254,PAQ63858_pass_barcode48_33cbe55b_d2f2cde4_5.pod5,ENA|HEE1644226|HEE1644226.1,118486,126994,1,99.76
586e4757-b238-4fb2-9d34-07f34355f8a6,PAQ63858_pass_barcode48_33cbe55b_d2f2cde4_0.pod5,ENA|HEE1644226|HEE1644226.1,17284,26158,1,100.0
7105490b-9d52-4679-86ad-1611908ade4c,PAQ63858_pass_barcode48_33cbe55b_d2f2cde4_4.pod5,NONE_BACKGROUND,10000,40000,0,0.0
76273af8-c67d-49bb-80c3-0cbf3230531a,PAQ63858_pass_barcode48_33cbe55b_d2f2cde4_9.pod5,NONE_BACKGROUND,10000,40000,0,0.0
b2f29cac-e011-4716-8dbc-ad905264bf00,PAQ63858_pass_barcode48_33cbe55b_d2f2cde4_9.pod5,NONE_BACKGROUND,10000,40000,0,0.0
676025f5-7518-4f7a-920c-50945dad868c,PAQ63858_pass_barcode48_33cbe55b_d2f2cde4_9.pod5,NONE_BACKGROUND,10000,40000,0,0.0
dfb0d197-d285-4b69-b550-29ccdf955510,PAQ63858_pass_barcode48_33cbe55b_d2f2cde4_4.pod5,ENA|MH733892|MH733892.1,76744,86620,1,100.0
16003f19-1bb6-43d3-aaa6-ef953583a83a,PAQ63858_pass_barcode48_33cbe55b_d2f2cde4_11.pod5,ENA|HEE1644226|HEE1644226.1,39130,54004,1,100.0
b8e3ddc0-2ae1-4e6f-881c-84de98c8bc19,PAQ63858_pass_barcode48_33cbe55b_d2f2cde4_4.pod5,ENA|MH733892|MH733892.1,88654,99466,1,100.0
a296f659-bcb3-480d-961c-a3a3f2f8cbb6,PAQ63858_pass_barcode48_33cbe55b_d2f2cde4_4.pod5,ENA|MH733892|MH733892.1,10072,18754,1,99.65
f3a077f2-c48e-464a-98f5-c76d512a68f7,PAQ63858_pass_barcode48_33cbe55b_d2f2cde4_2.pod5,ENA|HEE1644226|HEE1644226.1,57916,70618,1,100.0
978ff2fa-b350-4917-9c4a-ac15bc4ee8ac,PAQ63858_pass_barcode48_33cbe55b_d2f2cde4_3.pod5,NONE_BACKGROUND,10000,40000,0,0.0
47c52f3f-41b1-4c38-b255-47cba3d398a6,PAQ63858_pass_barcode48_33cbe55b_d2f2cde4_3.pod5,ENA|MZ092836|MZ092836.1,39268,54100,1,100.0
bc43f0fb-7882-4767-a305-b3d974bd8a75,PAQ63858_pass_barcode48_33cbe55b_d2f2cde4_11.pod5,NONE_BACKGROUND,10000,40000,0,0.0
5d4f910c-1f52-4f01-92e0-4e8b046bcf77,PAQ63858_pass_barcode48_33cbe55b_d2f2cde4_4.pod5,NONE_BACKGROUND,10000,40000,0,0.0
86c12dd7-2bef-42bc-99ea-e359fa9b575e,PAQ63858_pass_barcode48_33cbe55b_d2f2cde4_6.pod5,NONE_BACKGROUND,10000,40000,0,0.0
ef8b0356-1a81-41c5-b873-822f076bc42e,PAQ63858_pass_barcode48_33cbe55b_d2f2cde4_5.pod5,ENA|MH733892|MH733892.1,178396,188140,1,100.0
62c11ddb-4ba0-440e-823d-93a8d0b88714,PAQ63858_pass_barcode48_33cbe55b_d2f2cde4_7.pod5,NONE_BACKGROUND,10000,40000,0,0.0
85ae8312-3669-491b-aaea-1d5db9be9874,PAQ63858_pass_barcode48_33cbe55b_d2f2cde4_7.pod5,NONE_BACKGROUND,10000,40000,0,0.0
4a7fa8af-acee-463a-aa1c-404152ce6be7,PAQ63858_pass_barcode48_33cbe55b_d2f2cde4_5.pod5,ENA|MH733892|MH733892.1,77554,87484,1,100.0
90ddf7b2-650e-49f5-acbb-e534d6b2bbc0,PAQ63858_pass_barcode48_33cbe55b_d2f2cde4_10.pod5,NONE_BACKGROUND,10000,40000,0,0.0
e75b4b71-aafb-4e69-8fcf-6af523ce3f96,PAQ63858_pass_barcode48_33cbe55b_d2f2cde4_1.pod5,ENA|HEE1644226|HEE1644226.1,11302,21310,1,100.0
4fc87978-dcfd-4afa-8a77-93b23b17ee83,PAQ63858_pass_barcode48_33cbe55b_d2f2cde4_8.pod5,NONE_BACKGROUND,10000,40000,0,0.0
00594d2f-8703-466c-992c-83755a71f783,PAQ63858_pass_barcode48_33cbe55b_d2f2cde4_10.pod5,NONE_BACKGROUND,10000,40000,0,0.0
9e11d2e5-7813-408d-8061-c76778291e53,PAQ63858_pass_barcode48_33cbe55b_d2f2cde4_0.pod5,NONE_BACKGROUND,10000,40000,0,0.0
fe6e8c06-366f-431b-a0d2-9d50fdd05ba7,PAQ63858_pass_barcode48_33cbe55b_d2f2cde4_4.pod5,NONE_BACKGROUND,10000,40000,0,0.0
710b5116-f71f-4c17-b481-dd57f810043f,PAQ63858_pass_barcode48_33cbe55b_d2f2cde4_1.pod5,ENA|HEE1644226|HEE1644226.1,3178,13648,1,100.0
2416f51b-d69a-46bb-9e5d-c6b54a6d5f4b,PAQ63858_pass_barcode48_33cbe55b_d2f2cde4_11.pod5,NONE_BACKGROUND,10000,40000,0,0.0
5ccaa568-e543-4a38-9c2b-2cbd450cf6ab,PAQ63858_pass_barcode48_33cbe55b_d2f2cde4_11.pod5,NONE_BACKGROUND,10000,40000,0,0.0
aa82ca0d-cf0d-46f7-8d24-8343818fd95e,PAQ63858_pass_barcode48_33cbe55b_d2f2cde4_4.pod5,NONE_BACKGROUND,10000,40000,0,0.0
3c483704-fad0-4a96-b07c-e1a1dd3c9c04,PAQ63858_pass_barcode48_33cbe55b_d2f2cde4_7.pod5,ENA|MH733892|MH733892.1,86812,96388,1,100.0
0605d50a-1f57-49e5-bbcb-7b784819e8a0,PAQ63858_pass_barcode48_33cbe55b_d2f2cde4_7.pod5,NONE_BACKGROUND,10000,40000,0,0.0
8a134d35-d851-4a89-bc0e-8f5fa4531484,PAQ63858_pass_barcode48_33cbe55b_d2f2cde4_2.pod5,NONE_BACKGROUND,10000,40000,0,0.0
25ae8f4f-39c4-40fe-aeb6-95644e5873ec,PAQ63858_pass_barcode48_33cbe55b_d2f2cde4_3.pod5,NONE_BACKGROUND,10000,40000,0,0.0
28491ea0-dd89-4e3e-9408-3864afc023c9,PAQ63858_pass_barcode48_33cbe55b_d2f2cde4_9.pod5,NONE_BACKGROUND,10000,40000,0,0.0
b5a4dc50-d85d-40a8-b6f2-7e7779301670,PAQ63858_pass_barcode48_33cbe55b_d2f2cde4_0.pod5,NONE_BACKGROUND,10000,40000,0,0.0
805bd356-53cb-4e73-8c12-e642f22d9369,PAQ63858_pass_barcode48_33cbe55b_d2f2cde4_3.pod5,ENA|MH733892|MH733892.1,57424,67954,1,100.0
ceb14746-3b1d-48b6-b2a1-e037c8da5b68,PAQ63858_pass_barcode48_33cbe55b_d2f2cde4_4.pod5,NONE_BACKGROUND,10000,40000,0,0.0
50a1f0bf-44c4-46da-bbfd-2125e067a184,PAQ63858_pass_barcode48_33cbe55b_d2f2cde4_7.pod5,NONE_BACKGROUND,10000,40000,0,0.0
9c155fe5-4ee8-4881-847e-5715047e6334,PAQ63858_pass_barcode48_33cbe55b_d2f2cde4_9.pod5,NONE_BACKGROUND,10000,40000,0,0.0
db69c49c-a897-4e2b-819a-1450019defce,PAQ63858_pass_barcode48_33cbe55b_d2f2cde4_7.pod5,NONE_BACKGROUND,10000,40000,0,0.0
d7ff2c27-83ff-4cf5-bdf6-b03934a5cb06,PAQ63858_pass_barcode48_33cbe55b_d2f2cde4_12.pod5,NONE_BACKGROUND,10000,40000,0,0.0
03d0b445-d604-4c66-9ae4-0cf5b5f7091a,PAQ63858_pass_barcode48_33cbe55b_d2f2cde4_4.pod5,ENA|HEE1644226|HEE1644226.1,17338,27010,1,100.0
dd41df57-c065-4466-89d5-4648ebe31be1,PAQ63858_pass_barcode48_33cbe55b_d2f2cde4_4.pod5,NONE_BACKGROUND,10000,40000,0,0.0
2dae10ca-6c4d-4606-bb2f-c1113eb757ae,PAQ63858_pass_barcode48_33cbe55b_d2f2cde4_8.pod5,ENA|HEE1644226|HEE1644226.1,13120,23344,1,100.0
fe12f476-e92f-4764-a5be-8cb874015eaf,PAQ63858_pass_barcode48_33cbe55b_d2f2cde4_6.pod5,NONE_BACKGROUND,10000,40000,0,0.0
00a48902-0c1f-4e88-9c52-921c4e8d0ab7,PAQ63858_pass_barcode48_33cbe55b_d2f2cde4_8.pod5,ENA|HEE1644226|HEE1644226.1,36610,46600,1,100.0
7ee85beb-7584-4a7d-8ff7-65e6337a79c6,PAQ63858_pass_barcode48_33cbe55b_d2f2cde4_11.pod5,NONE_BACKGROUND,10000,40000,0,0.0
c2c48557-e169-4970-9074-fe40d84092c9,PAQ63858_pass_barcode48_33cbe55b_d2f2cde4_10.pod5,NONE_BACKGROUND,10000,40000,0,0.0
3bc801a5-526f-478a-8b89-48931b1361b0,PAQ63858_pass_barcode48_33cbe55b_d2f2cde4_3.pod5,NONE_BACKGROUND,10000,40000,0,0.0
ba462429-4f9f-43e1-b806-3ddd793aa534,PAQ63858_pass_barcode48_33cbe55b_d2f2cde4_12.pod5,ENA|HEE1644226|HEE1644226.1,4660,14032,1,100.0
8bbb456e-a52f-40ad-99db-ce7484da08ba,PAQ63858_pass_barcode48_33cbe55b_d2f2cde4_0.pod5,NONE_BACKGROUND,10000,40000,0,0.0
a51d0964-a009-4935-8f0b-312bd9485cc2,PAQ63858_pass_barcode48_33cbe55b_d2f2cde4_9.pod5,NONE_BACKGROUND,10000,40000,0,0.0
53af7b06-5e27-43de-bc7a-38582c217cfc,PAQ63858_pass_barcode48_33cbe55b_d2f2cde4_3.pod5,NONE_BACKGROUND,10000,40000,0,0.0
aca3e0dc-4476-4203-b48b-2992ee6f7346,PAQ63858_pass_barcode48_33cbe55b_d2f2cde4_7.pod5,ENA|HEE1644226|HEE1644226.1,139900,150670,1,100.0
a0f761f3-adac-42a9-89ed-87228f074e11,PAQ63858_pass_barcode48_33cbe55b_d2f2cde4_5.pod5,NONE_BACKGROUND,10000,40000,0,0.0
d788804f-2de8-4e2e-9868-0809bde0b8c4,PAQ63858_pass_barcode48_33cbe55b_d2f2cde4_10.pod5,NONE_BACKGROUND,10000,40000,0,0.0
21083d8c-a0b8-4355-8853-a7d725b57152,PAQ63858_pass_barcode48_33cbe55b_d2f2cde4_2.pod5,NONE_BACKGROUND,10000,40000,0,0.0
5e12e3c7-21c3-4bae-8d1b-1cc5612a8bad,PAQ63858_pass_barcode48_33cbe55b_d2f2cde4_11.pod5,NONE_BACKGROUND,10000,40000,0,0.0
9bbba800-482d-44c9-b262-166cd12ca6df,PAQ63858_pass_barcode48_33cbe55b_d2f2cde4_4.pod5,NONE_BACKGROUND,10000,40000,0,0.0
1ec7e348-e5bb-4017-b553-ee35124f1969,PAQ63858_pass_barcode48_33cbe55b_d2f2cde4_6.pod5,NONE_BACKGROUND,10000,40000,0,0.0
3db00ad7-d6b9-4136-93a6-4c1bb7955420,PAQ63858_pass_barcode48_33cbe55b_d2f2cde4_1.pod5,NONE_BACKGROUND,10000,40000,0,0.0
e7dd073a-5258-4728-9ad4-2a5decbe2910,PAQ63858_pass_barcode48_33cbe55b_d2f2cde4_11.pod5,ENA|HEE1644226|HEE1644226.1,77908,89626,1,100.0
12d36c3d-10fd-4994-80be-25f1eecb08c5,PAQ63858_pass_barcode48_33cbe55b_d2f2cde4_6.pod5,NONE_BACKGROUND,10000,40000,0,0.0
b36dad0e-8861-40f0-be27-8fdfd8689ad8,PAQ63858_pass_barcode48_33cbe55b_d2f2cde4_11.pod5,NONE_BACKGROUND,10000,40000,0,0.0
d09790ce-28db-41ef-a79b-f308fb8b1ed7,PAQ63858_pass_barcode48_33cbe55b_d2f2cde4_11.pod5,ENA|HEE1644226|HEE1644226.1,192934,213310,1,100.0
ba13a0a0-08df-4b75-9abe-647f606a5621,PAQ63858_pass_barcode48_33cbe55b_d2f2cde4_9.pod5,ENA|HEE1644226|HEE1644226.1,12280,23992,1,100.0
2a908f2f-b0ea-431d-a913-d1b6e76a5b49,PAQ63858_pass_barcode48_33cbe55b_d2f2cde4_8.pod5,NONE_BACKGROUND,10000,40000,0,0.0
1c1843a3-7f88-4210-b9cc-6d00754f9736,PAQ63858_pass_barcode48_33cbe55b_d2f2cde4_0.pod5,NONE_BACKGROUND,10000,40000,0,0.0
0a0d7112-f368-4707-a953-cd48a8de4b4e,PAQ63858_pass_barcode48_33cbe55b_d2f2cde4_11.pod5,NONE_BACKGROUND,10000,40000,0,0.0
f4eff7a8-bea1-49c4-bac1-559fd565ce26,PAQ63858_pass_barcode48_33cbe55b_d2f2cde4_10.pod5,NONE_BACKGROUND,10000,40000,0,0.0
6293cf6c-0787-4fa1-a74e-a02ff9e3de02,PAQ63858_pass_barcode48_33cbe55b_d2f2cde4_6.pod5,ENA|MZ092836|MZ092836.1,32206,51256,1,100.0
8bc446a4-7644-4cc5-aac9-61ced9a4e720,PAQ63858_pass_barcode48_33cbe55b_d2f2cde4_10.pod5,NONE_BACKGROUND,10000,40000,0,0.0
3bd6d24c-4d76-4010-8648-423023c53bd6,PAQ63858_pass_barcode48_33cbe55b_d2f2cde4_7.pod5,NONE_BACKGROUND,10000,40000,0,0.0
3d124153-165e-412c-8eab-ed1452f91046,PAQ63858_pass_barcode48_33cbe55b_d2f2cde4_1.pod5,NONE_BACKGROUND,10000,40000,0,0.0
1bf05f96-0b6c-45a3-b8ad-0680ef917ce7,PAQ63858_pass_barcode48_33cbe55b_d2f2cde4_9.pod5,NONE_BACKGROUND,10000,40000,0,0.0
e94ad131-0eb5-445a-b226-373f10611dec,PAQ63858_pass_barcode48_33cbe55b_d2f2cde4_7.pod5,NONE_BACKGROUND,10000,40000,0,0.0
9b290c37-0c4b-4d2d-88d3-72c3ac3f4081,PAQ63858_pass_barcode48_33cbe55b_d2f2cde4_2.pod5,NONE_BACKGROUND,10000,40000,0,0.0
b0ee42bf-88d0-46f5-8ae0-6b167f6a4700,PAQ63858_pass_barcode48_33cbe55b_d2f2cde4_4.pod5,NONE_BACKGROUND,10000,40000,0,0.0
526d9b4d-e1f5-43f3-b13b-b1782bac956a,PAQ63858_pass_barcode48_33cbe55b_d2f2cde4_1.pod5,NONE_BACKGROUND,10000,40000,0,0.0
da8984ff-5369-4ab5-8202-5f585ba91050,PAQ63858_pass_barcode48_33cbe55b_d2f2cde4_3.pod5,NONE_BACKGROUND,10000,40000,0,0.0
af2cced3-483d-4ebf-b43e-165801743de9,PAQ63858_pass_barcode48_33cbe55b_d2f2cde4_1.pod5,ENA|MZ092836|MZ092836.1,14554,27382,1,100.0
a4722adc-2040-4d5d-b76f-d7221f1b8c4b,PAQ63858_pass_barcode48_33cbe55b_d2f2cde4_4.pod5,NONE_BACKGROUND,10000,40000,0,0.0
e2ac7093-6f13-47af-8e86-6830a7b5393d,PAQ63858_pass_barcode48_33cbe55b_d2f2cde4_1.pod5,NONE_BACKGROUND,10000,40000,0,0.0
06b58731-2933-4143-9222-098c57012f01,PAQ63858_pass_barcode48_33cbe55b_d2f2cde4_4.pod5,ENA|MH733892|MH733892.1,39658,51088,1,100.0
cd2cc1e9-9df0-48ef-8f6f-55c7bd72994d,PAQ63858_pass_barcode48_33cbe55b_d2f2cde4_8.pod5,NONE_BACKGROUND,10000,40000,0,0.0
d3e0ea7e-3805-4eb4-88e3-e8c6385ac6cf,PAQ63858_pass_barcode48_33cbe55b_d2f2cde4_8.pod5,NONE_BACKGROUND,10000,40000,0,0.0
09b039e9-a63d-4b88-a30e-114be8b278a3,PAQ63858_pass_barcode48_33cbe55b_d2f2cde4_8.pod5,NONE_BACKGROUND,10000,40000,0,0.0
0041e5f2-71ab-49a1-8da2-9fd443a8c7ed,PAQ63858_pass_barcode48_33cbe55b_d2f2cde4_1.pod5,ENA|HEE1644226|HEE1644226.1,106372,130162,1,100.0
3ae5ccb9-715d-4404-b06d-9f269ca8f4b5,PAQ63858_pass_barcode48_33cbe55b_d2f2cde4_9.pod5,NONE_BACKGROUND,10000,40000,0,0.0
72851288-e74c-404c-9191-c64211c72222,PAQ63858_pass_barcode48_33cbe55b_d2f2cde4_3.pod5,NONE_BACKGROUND,10000,40000,0,0.0
6ca1eb7c-b1cd-43c7-a49a-13190faf7d1d,PAQ63858_pass_barcode48_33cbe55b_d2f2cde4_7.pod5,ENA|HEE1644226|HEE1644226.1,19210,28324,1,100.0
ec2636b4-eb7a-4668-82f2-1eeb0a04e6e3,PAQ63858_pass_barcode48_33cbe55b_d2f2cde4_9.pod5,ENA|HEE1644226|HEE1644226.1,52576,62254,1,100.0
8a615b36-d154-4918-aee8-f60b1f163850,PAQ63858_pass_barcode48_33cbe55b_d2f2cde4_10.pod5,NONE_BACKGROUND,10000,40000,0,0.0
1d626653-4f4f-4551-b3ac-12d17e3c7a6f,PAQ63858_pass_barcode48_33cbe55b_d2f2cde4_3.pod5,ENA|HEE1644226|HEE1644226.1,206284,214864,1,100.0
e7a7100b-e81e-4dfa-ba18-03f94f206a60,PAQ63858_pass_barcode48_33cbe55b_d2f2cde4_11.pod5,NONE_BACKGROUND,10000,40000,0,0.0
1f7a4ce8-1233-4c7e-87d5-700e1661e26a,PAQ63858_pass_barcode48_33cbe55b_d2f2cde4_3.pod5,ENA|HEE1644226|HEE1644226.1,20938,32350,1,100.0
834d15d7-857e-41fc-a7b7-32d23c60e0f8,PAQ63858_pass_barcode48_33cbe55b_d2f2cde4_8.pod5,NONE_BACKGROUND,10000,40000,0,0.0
4914172d-9ff8-41ae-8c62-6b6ba0bfec4d,PAQ63858_pass_barcode48_33cbe55b_d2f2cde4_11.pod5,NONE_BACKGROUND,10000,40000,0,0.0
14b0c92a-0433-4b0f-8a86-be752160bc98,PAQ63858_pass_barcode48_33cbe55b_d2f2cde4_12.pod5,NONE_BACKGROUND,10000,40000,0,0.0
15a4bb30-c43e-43c8-93a9-882f8fcb7042,PAQ63858_pass_barcode48_33cbe55b_d2f2cde4_0.pod5,NONE_BACKGROUND,10000,40000,0,0.0
3c598a4b-8c51-4f6d-aa9b-815a886acfc7,PAQ63858_pass_barcode48_33cbe55b_d2f2cde4_11.pod5,NONE_BACKGROUND,10000,40000,0,0.0
a79eea95-603f-4f89-b63f-f40a32f91cb5,PAQ63858_pass_barcode48_33cbe55b_d2f2cde4_3.pod5,NONE_BACKGROUND,10000,40000,0,0.0
04a9b55f-f7bf-4ba6-97fc-4d31afb8bba0,PAQ63858_pass_barcode48_33cbe55b_d2f2cde4_10.pod5,ENA|HEE1644226|HEE1644226.1,35212,45616,1,100.0
5a231028-4e21-483d-b30e-01277f65aa13,PAQ63858_pass_barcode48_33cbe55b_d2f2cde4_9.pod5,NONE_BACKGROUND,10000,40000,0,0.0
1a9c5236-6aab-4937-86ed-7bca6c2c11fb,PAQ63858_pass_barcode48_33cbe55b_d2f2cde4_4.pod5,ENA|HEE1644226|HEE1644226.1,140812,150550,1,99.76
c994bff7-4d10-42e7-8783-61e2a5b43862,PAQ63858_pass_barcode48_33cbe55b_d2f2cde4_4.pod5,ENA|HEE1644226|HEE1644226.1,55132,65044,1,100.0
e51fa0f2-5022-4e6c-9a7e-f5c7db99988e,PAQ63858_pass_barcode48_33cbe55b_d2f2cde4_6.pod5,ENA|MH733892|MH733892.1,185182,195124,1,99.42
82ed3c12-5d87-4e83-8b82-2ab67f4943f5,PAQ63858_pass_barcode48_33cbe55b_d2f2cde4_11.pod5,NONE_BACKGROUND,10000,40000,0,0.0
3e54c334-084e-41e4-9cfe-e69bad3702db,PAQ63858_pass_barcode48_33cbe55b_d2f2cde4_2.pod5,NONE_BACKGROUND,10000,40000,0,0.0
023a277f-4074-427f-a6d6-fb8721dcdd4d,PAQ63858_pass_barcode48_33cbe55b_d2f2cde4_9.pod5,NONE_BACKGROUND,10000,40000,0,0.0
745f51a7-072c-45be-9002-014bb2e6f722,PAQ63858_pass_barcode48_33cbe55b_d2f2cde4_9.pod5,NONE_BACKGROUND,10000,40000,0,0.0
e2294766-1faa-465d-8226-9979bff118a4,PAQ63858_pass_barcode48_33cbe55b_d2f2cde4_10.pod5,ENA|MZ092836|MZ092836.1,72160,89902,1,100.0
7f68689f-b6b6-425e-bbbe-0c15a59e5c1c,PAQ63858_pass_barcode48_33cbe55b_d2f2cde4_10.pod5,NONE_BACKGROUND,10000,40000,0,0.0
5c7b57de-f185-4a90-bb73-92b16198dc28,PAQ63858_pass_barcode48_33cbe55b_d2f2cde4_9.pod5,NONE_BACKGROUND,10000,40000,0,0.0
9d4b3be9-c41f-4cc7-bdd2-f5f33ce669b6,PAQ63858_pass_barcode48_33cbe55b_d2f2cde4_1.pod5,ENA|MZ092836|MZ092836.1,9904,24106,1,100.0
509f4b50-a50f-4e8b-b214-99e59d6e6d30,PAQ63858_pass_barcode48_33cbe55b_d2f2cde4_5.pod5,NONE_BACKGROUND,10000,40000,0,0.0
9870dd67-00cd-42ca-bc35-fd8eedca3d6d,PAQ63858_pass_barcode48_33cbe55b_d2f2cde4_6.pod5,NONE_BACKGROUND,10000,40000,0,0.0
2d7f48ba-dec1-4b28-a078-34443ea6cfd0,PAQ63858_pass_barcode48_33cbe55b_d2f2cde4_10.pod5,NONE_BACKGROUND,10000,40000,0,0.0
d78c4db0-5f0f-4e58-a00a-a117dfa4a673,PAQ63858_pass_barcode48_33cbe55b_d2f2cde4_2.pod5,NONE_BACKGROUND,10000,40000,0,0.0
f37701eb-aaa9-44b0-90f9-5d913ffd05ec,PAQ63858_pass_barcode48_33cbe55b_d2f2cde4_0.pod5,NONE_BACKGROUND,10000,40000,0,0.0
b0fc7316-1d4f-420e-8233-19719feb1e9d,PAQ63858_pass_barcode48_33cbe55b_d2f2cde4_10.pod5,ENA|HEE1644226|HEE1644226.1,92842,102190,1,100.0
4c942bc4-bf6a-4bc7-8941-d4b4b03991d0,PAQ63858_pass_barcode48_33cbe55b_d2f2cde4_0.pod5,ENA|HEE1644226|HEE1644226.1,267466,278410,1,99.88
2a307b21-5e13-42d0-94a1-a31fa14db4aa,PAQ63858_pass_barcode48_33cbe55b_d2f2cde4_10.pod5,NONE_BACKGROUND,10000,40000,0,0.0
61512d82-9cd8-4d1c-b0aa-2a7a2f328fe6,PAQ63858_pass_barcode48_33cbe55b_d2f2cde4_2.pod5,NONE_BACKGROUND,10000,40000,0,0.0
7e33ab75-fa92-46bf-a8df-aa0d320933a4,PAQ63858_pass_barcode48_33cbe55b_d2f2cde4_2.pod5,NONE_BACKGROUND,10000,40000,0,0.0
9407c356-3277-4ec5-ba6e-c6b9de5c20c3,PAQ63858_pass_barcode48_33cbe55b_d2f2cde4_6.pod5,NONE_BACKGROUND,10000,40000,0,0.0
5171019d-3ec0-4110-9881-aa3372cd64b4,PAQ63858_pass_barcode48_33cbe55b_d2f2cde4_7.pod5,NONE_BACKGROUND,10000,40000,0,0.0
036427ce-bf63-4661-b269-13fec82b4a4e,PAQ63858_pass_barcode48_33cbe55b_d2f2cde4_1.pod5,NONE_BACKGROUND,10000,40000,0,0.0
e7e16df9-807e-49ad-81f6-2302d11debc5,PAQ63858_pass_barcode48_33cbe55b_d2f2cde4_4.pod5,NONE_BACKGROUND,10000,40000,0,0.0
70c6b15b-9776-48a5-a88a-a9dcd45889c0,PAQ63858_pass_barcode48_33cbe55b_d2f2cde4_11.pod5,NONE_BACKGROUND,10000,40000,0,0.0
4b745622-5936-47f4-b23a-b2e2a40f3955,PAQ63858_pass_barcode48_33cbe55b_d2f2cde4_5.pod5,NONE_BACKGROUND,10000,40000,0,0.0
5d989ee6-2c94-417d-9a19-57c108116f28,PAQ63858_pass_barcode48_33cbe55b_d2f2cde4_7.pod5,NONE_BACKGROUND,10000,40000,0,0.0
be3f6152-a3fe-47ab-be00-717a460e8d22,PAQ63858_pass_barcode48_33cbe55b_d2f2cde4_12.pod5,NONE_BACKGROUND,10000,40000,0,0.0
4a765d62-a32c-4697-9ab9-1b11276f438b,PAQ63858_pass_barcode48_33cbe55b_d2f2cde4_1.pod5,ENA|HEE1644226|HEE1644226.1,177940,188452,1,100.0
8c8b75f0-a182-4054-be58-41a52ee08c8d,PAQ63858_pass_barcode48_33cbe55b_d2f2cde4_11.pod5,NONE_BACKGROUND,10000,40000,0,0.0
6a616210-07f1-4855-b38c-44fab9ec2dac,PAQ63858_pass_barcode48_33cbe55b_d2f2cde4_12.pod5,ENA|HEE1644226|HEE1644226.1,195688,208456,1,100.0
b0c2370e-0860-479c-880c-9dbfaaff1d0f,PAQ63858_pass_barcode48_33cbe55b_d2f2cde4_7.pod5,NONE_BACKGROUND,10000,40000,0,0.0
784b8f2d-6ebf-441e-8bd4-9adaf20a71bc,PAQ63858_pass_barcode48_33cbe55b_d2f2cde4_11.pod5,NONE_BACKGROUND,10000,40000,0,0.0
3c943a3a-fb9b-45f6-b7ba-c4843b9b2515,PAQ63858_pass_barcode48_33cbe55b_d2f2cde4_6.pod5,NONE_BACKGROUND,10000,40000,0,0.0
5db18823-1c23-40a8-aa96-347a9a24d386,PAQ63858_pass_barcode48_33cbe55b_d2f2cde4_12.pod5,NONE_BACKGROUND,10000,40000,0,0.0
9a41d98b-66b2-4017-8169-404cc4c05cde,PAQ63858_pass_barcode48_33cbe55b_d2f2cde4_0.pod5,NONE_BACKGROUND,10000,40000,0,0.0
65e848de-33db-4e52-8e68-af8803cc31ce,PAQ63858_pass_barcode48_33cbe55b_d2f2cde4_3.pod5,NONE_BACKGROUND,10000,40000,0,0.0
9ac27e8a-8a01-4213-8c0f-33450dcd9866,PAQ63858_pass_barcode48_33cbe55b_d2f2cde4_7.pod5,NONE_BACKGROUND,10000,40000,0,0.0
e66360b1-04bb-4ec6-a30c-2a6ab22e7951,PAQ63858_pass_barcode48_33cbe55b_d2f2cde4_10.pod5,ENA|MZ092836|MZ092836.1,2008,18220,1,97.62
d0c75bd4-702c-449c-a2f9-710f884e2131,PAQ63858_pass_barcode48_33cbe55b_d2f2cde4_7.pod5,NONE_BACKGROUND,10000,40000,0,0.0
27653bd1-6f9b-47bd-a5de-7093e545826f,PAQ63858_pass_barcode48_33cbe55b_d2f2cde4_4.pod5,ENA|HEE1644226|HEE1644226.1,50164,61102,1,100.0
014c1ed8-38b8-4b55-a6db-8fa530566c1d,PAQ63858_pass_barcode48_33cbe55b_d2f2cde4_7.pod5,NONE_BACKGROUND,10000,40000,0,0.0
63b9d116-8652-4139-8b69-8370db67f554,PAQ63858_pass_barcode48_33cbe55b_d2f2cde4_7.pod5,NONE_BACKGROUND,10000,40000,0,0.0
c22a9811-c660-45c2-af31-88ca73ce2b8d,PAQ63858_pass_barcode48_33cbe55b_d2f2cde4_5.pod5,NONE_BACKGROUND,10000,40000,0,0.0
4a1812fe-985e-4a8a-b4c5-923d18afb302,PAQ63858_pass_barcode48_33cbe55b_d2f2cde4_5.pod5,NONE_BACKGROUND,10000,40000,0,0.0
5e21e822-4351-42a8-aa8e-1e943233448a,PAQ63858_pass_barcode48_33cbe55b_d2f2cde4_9.pod5,ENA|MZ092836|MZ092836.1,33226,54766,1,100.0
f21eb366-7599-45ae-ba09-46e81cc067bd,PAQ63858_pass_barcode48_33cbe55b_d2f2cde4_1.pod5,NONE_BACKGROUND,10000,40000,0,0.0
36bc9037-0874-4032-880c-800e2c3c171d,PAQ63858_pass_barcode48_33cbe55b_d2f2cde4_10.pod5,NONE_BACKGROUND,10000,40000,0,0.0
dee37515-2b26-4c0c-83f4-c438ac8f657b,PAQ63858_pass_barcode48_33cbe55b_d2f2cde4_1.pod5,ENA|MH733892|MH733892.1,50638,62218,1,100.0
21b2c30d-8876-47a2-891f-aa21c50abce8,PAQ63858_pass_barcode48_33cbe55b_d2f2cde4_1.pod5,ENA|HEE1644226|HEE1644226.1,26884,37294,1,100.0
d5256292-eab3-4dc4-a946-0d98fa3e49db,PAQ63858_pass_barcode48_33cbe55b_d2f2cde4_2.pod5,NONE_BACKGROUND,10000,40000,0,0.0
6679b9df-ca76-49fc-a5d0-d02dc486ec70,PAQ63858_pass_barcode48_33cbe55b_d2f2cde4_5.pod5,NONE_BACKGROUND,10000,40000,0,0.0
16846981-5a7a-440a-b12a-4c8e74c60713,PAQ63858_pass_barcode48_33cbe55b_d2f2cde4_0.pod5,NONE_BACKGROUND,10000,40000,0,0.0
72de8ba8-e486-4fcb-a1f1-ba10494b8a51,PAQ63858_pass_barcode48_33cbe55b_d2f2cde4_0.pod5,ENA|HEE1644226|HEE1644226.1,5380,16516,1,99.28
8489bb7b-baf3-4c75-9a34-bc2d647cc575,PAQ63858_pass_barcode48_33cbe55b_d2f2cde4_8.pod5,NONE_BACKGROUND,10000,40000,0,0.0
02f73ce3-0671-45b1-8952-ebec98d93acd,PAQ63858_pass_barcode48_33cbe55b_d2f2cde4_10.pod5,ENA|MZ092836|MZ092836.1,220330,250408,1,100.0
3943a92f-3bf2-49e8-b6c5-7cd7d005d63b,PAQ63858_pass_barcode48_33cbe55b_d2f2cde4_6.pod5,NONE_BACKGROUND,10000,40000,0,0.0
89d3b554-e21e-4791-a1b7-753ada360416,PAQ63858_pass_barcode48_33cbe55b_d2f2cde4_10.pod5,NONE_BACKGROUND,10000,40000,0,0.0
2b987004-718f-438f-8b22-9580a0d65b88,PAQ63858_pass_barcode48_33cbe55b_d2f2cde4_0.pod5,NONE_BACKGROUND,10000,40000,0,0.0
1c503910-f7c3-4a6a-beb7-1231d08af420,PAQ63858_pass_barcode48_33cbe55b_d2f2cde4_3.pod5,ENA|HEE1644226|HEE1644226.1,42556,53392,1,100.0
f650d3d5-be21-4b88-bf4f-6b011eab36a5,PAQ63858_pass_barcode48_33cbe55b_d2f2cde4_6.pod5,NONE_BACKGROUND,10000,40000,0,0.0
7c92ce14-701f-4df6-89e0-a31a16c0724e,PAQ63858_pass_barcode48_33cbe55b_d2f2cde4_9.pod5,ENA|HEE1644226|HEE1644226.1,46186,59188,1,99.52
c98a2190-fe6b-4308-a88f-7d26bba1ae6b,PAQ63858_pass_barcode48_33cbe55b_d2f2cde4_0.pod5,ENA|MH733892|MH733892.1,107902,119326,1,100.0
a83e0fa9-8fc6-4212-8c4c-65a95b0f8f26,PAQ63858_pass_barcode48_33cbe55b_d2f2cde4_0.pod5,NONE_BACKGROUND,10000,40000,0,0.0
98c3b543-ec24-4ed5-9692-9f257cee090e,PAQ63858_pass_barcode48_33cbe55b_d2f2cde4_10.pod5,NONE_BACKGROUND,10000,40000,0,0.0
37894367-f1c8-4b98-99b5-317d3cc83d33,PAQ63858_pass_barcode48_33cbe55b_d2f2cde4_6.pod5,NONE_BACKGROUND,10000,40000,0,0.0
06fec9fd-a313-4d45-9387-0459dd154b51,PAQ63858_pass_barcode48_33cbe55b_d2f2cde4_0.pod5,ENA|HEE1644226|HEE1644226.1,74092,84052,1,100.0
1e719edc-8b26-45f6-8231-0fb1b3481676,PAQ63858_pass_barcode48_33cbe55b_d2f2cde4_8.pod5,NONE_BACKGROUND,10000,40000,0,0.0
7cc28307-f496-4993-a3c3-25a926e65121,PAQ63858_pass_barcode48_33cbe55b_d2f2cde4_7.pod5,NONE_BACKGROUND,10000,40000,0,0.0
9d6de42f-6c10-4df5-ac24-284f68fe5508,PAQ63858_pass_barcode48_33cbe55b_d2f2cde4_2.pod5,NONE_BACKGROUND,10000,40000,0,0.0
df428b6d-2bda-4991-a25c-30ca4ec00259,PAQ63858_pass_barcode48_33cbe55b_d2f2cde4_3.pod5,NONE_BACKGROUND,10000,40000,0,0.0
355d70e8-fd91-4e50-9712-87c87afa5e9d,PAQ63858_pass_barcode48_33cbe55b_d2f2cde4_6.pod5,NONE_BACKGROUND,10000,40000,0,0.0
4fe3d4b3-f927-416d-8a81-01209db10217,PAQ63858_pass_barcode48_33cbe55b_d2f2cde4_2.pod5,NONE_BACKGROUND,10000,40000,0,0.0
ff79a19d-ffe5-4bc5-b17e-d2b150783df9,PAQ63858_pass_barcode48_33cbe55b_d2f2cde4_4.pod5,ENA|HEE1644226|HEE1644226.1,39730,52024,1,99.76
62073726-b1c5-4088-89a1-30ba96f98fd7,PAQ63858_pass_barcode48_33cbe55b_d2f2cde4_11.pod5,NONE_BACKGROUND,10000,40000,0,0.0
f0bc60a2-cc09-4035-bded-32db6ae9d458,PAQ63858_pass_barcode48_33cbe55b_d2f2cde4_6.pod5,NONE_BACKGROUND,10000,40000,0,0.0
1fadf41a-55c0-46f2-909b-ebee5b58a769,PAQ63858_pass_barcode48_33cbe55b_d2f2cde4_10.pod5,NONE_BACKGROUND,10000,40000,0,0.0
6bf0fb6a-123b-4529-9577-64ccac5bf0e1,PAQ63858_pass_barcode48_33cbe55b_d2f2cde4_10.pod5,NONE_BACKGROUND,10000,40000,0,0.0
7262c6b8-4637-4b12-8db0-53a986115c43,PAQ63858_pass_barcode48_33cbe55b_d2f2cde4_9.pod5,NONE_BACKGROUND,10000,40000,0,0.0
19c4424e-6b50-472b-8a1d-fc98c46d6230,PAQ63858_pass_barcode48_33cbe55b_d2f2cde4_10.pod5,NONE_BACKGROUND,10000,40000,0,0.0
a9f418c3-121d-4e71-9a11-fe3fb0f1e376,PAQ63858_pass_barcode48_33cbe55b_d2f2cde4_4.pod5,NONE_BACKGROUND,10000,40000,0,0.0
1d7a4d80-d318-4d1c-bc07-b798c452e49a,PAQ63858_pass_barcode48_33cbe55b_d2f2cde4_7.pod5,ENA|MH733892|MH733892.1,233308,243736,1,100.0
d2fa28f8-3577-469e-a362-e57b852c78c1,PAQ63858_pass_barcode48_33cbe55b_d2f2cde4_9.pod5,NONE_BACKGROUND,10000,40000,0,0.0
cf385b8e-0f69-4482-b119-51ffe23fd461,PAQ63858_pass_barcode48_33cbe55b_d2f2cde4_7.pod5,NONE_BACKGROUND,10000,40000,0,0.0
65414724-97b7-462a-85bb-4004faded323,PAQ63858_pass_barcode48_33cbe55b_d2f2cde4_7.pod5,NONE_BACKGROUND,10000,40000,0,0.0
b43fe58c-f06e-4b30-b9dd-f8692d9b5a39,PAQ63858_pass_barcode48_33cbe55b_d2f2cde4_1.pod5,NONE_BACKGROUND,10000,40000,0,0.0
9d415cac-8716-4621-b73e-d4fd8c39831d,PAQ63858_pass_barcode48_33cbe55b_d2f2cde4_8.pod5,NONE_BACKGROUND,10000,40000,0,0.0
52ffa7d9-a80d-49cb-af3c-d90467d647b5,PAQ63858_pass_barcode48_33cbe55b_d2f2cde4_6.pod5,NONE_BACKGROUND,10000,40000,0,0.0
5f511aa3-9b9c-44c7-a246-68bea99c5231,PAQ63858_pass_barcode48_33cbe55b_d2f2cde4_11.pod5,NONE_BACKGROUND,10000,40000,0,0.0
6bfc001a-d52f-4f9a-b199-89d61fba5c04,PAQ63858_pass_barcode48_33cbe55b_d2f2cde4_6.pod5,NONE_BACKGROUND,10000,40000,0,0.0
759db8dc-c179-4221-9145-604303e3fd64,PAQ63858_pass_barcode48_33cbe55b_d2f2cde4_5.pod5,NONE_BACKGROUND,10000,40000,0,0.0
6c1299ea-71ad-42f5-b48f-cb7268137a81,PAQ63858_pass_barcode48_33cbe55b_d2f2cde4_6.pod5,NONE_BACKGROUND,10000,40000,0,0.0
cbb83a5c-9cc5-45c2-ad7d-28f4dd5e5c53,PAQ63858_pass_barcode48_33cbe55b_d2f2cde4_6.pod5,ENA|HEE1644226|HEE1644226.1,76276,86110,1,100.0
f9126777-3e70-4935-afa5-4a92351a19e7,PAQ63858_pass_barcode48_33cbe55b_d2f2cde4_10.pod5,NONE_BACKGROUND,10000,40000,0,0.0
d35a3423-182a-4fe8-a966-460be4108eeb,PAQ63858_pass_barcode48_33cbe55b_d2f2cde4_11.pod5,NONE_BACKGROUND,10000,40000,0,0.0
09c3b2f1-5d32-43da-abf7-7e8ba3752385,PAQ63858_pass_barcode48_33cbe55b_d2f2cde4_9.pod5,NONE_BACKGROUND,10000,40000,0,0.0
aa9d1710-b401-42d4-a4a8-3b4cc0e7b8c3,PAQ63858_pass_barcode48_33cbe55b_d2f2cde4_3.pod5,NONE_BACKGROUND,10000,40000,0,0.0
353cb84d-b6a8-4ec4-9983-8f43c9a3850f,PAQ63858_pass_barcode48_33cbe55b_d2f2cde4_6.pod5,ENA|MZ092836|MZ092836.1,36496,53350,1,100.0
9d6e3734-8b20-4b63-b844-0658b276c7fd,PAQ63858_pass_barcode48_33cbe55b_d2f2cde4_1.pod5,NONE_BACKGROUND,10000,40000,0,0.0
0e1bcb91-6275-4fd4-8cb4-a5dd413d7d64,PAQ63858_pass_barcode48_33cbe55b_d2f2cde4_1.pod5,NONE_BACKGROUND,10000,40000,0,0.0
2ef21d02-57b9-4b12-b4d8-ff7eda155f56,PAQ63858_pass_barcode48_33cbe55b_d2f2cde4_8.pod5,ENA|HEE1644226|HEE1644226.1,7750,19540,1,100.0
3d5ca41a-eed0-4611-8688-15133f1769a9,PAQ63858_pass_barcode48_33cbe55b_d2f2cde4_9.pod5,ENA|HEE1644226|HEE1644226.1,214960,227824,1,100.0
8099cbb8-7c87-471c-9440-02deadf21970,PAQ63858_pass_barcode48_33cbe55b_d2f2cde4_6.pod5,NONE_BACKGROUND,10000,40000,0,0.0
d9e41ae5-61e9-42c2-bfb7-70218a792f4a,PAQ63858_pass_barcode48_33cbe55b_d2f2cde4_8.pod5,NONE_BACKGROUND,10000,40000,0,0.0
13827425-e1f6-44d3-8518-6a4a8fa37a8c,PAQ63858_pass_barcode48_33cbe55b_d2f2cde4_6.pod5,ENA|HEE1644226|HEE1644226.1,23830,35608,1,100.0
c955529b-affb-4ac8-a38e-4e9f5d1dc86c,PAQ63858_pass_barcode48_33cbe55b_d2f2cde4_5.pod5,NONE_BACKGROUND,10000,40000,0,0.0
08aaad86-8899-48a3-8568-13c5432fc5cb,PAQ63858_pass_barcode48_33cbe55b_d2f2cde4_9.pod5,NONE_BACKGROUND,10000,40000,0,0.0
b59924c9-62f2-4693-b87a-c8b86e7e7a09,PAQ63858_pass_barcode48_33cbe55b_d2f2cde4_11.pod5,NONE_BACKGROUND,10000,40000,0,0.0
89fdc7aa-a4bb-4d40-988e-55ee279ee2b5,PAQ63858_pass_barcode48_33cbe55b_d2f2cde4_3.pod5,NONE_BACKGROUND,10000,40000,0,0.0
9dd5d0cd-4c8a-442a-8209-3859c3a3959f,PAQ63858_pass_barcode48_33cbe55b_d2f2cde4_3.pod5,ENA|MZ092836|MZ092836.1,5038,19312,1,100.0
467f956a-e67a-41ce-8ac5-30e7bf7d5e7d,PAQ63858_pass_barcode48_33cbe55b_d2f2cde4_9.pod5,NONE_BACKGROUND,10000,40000,0,0.0
a68b0a56-c814-4ced-a04f-7baedfdee0f6,PAQ63858_pass_barcode48_33cbe55b_d2f2cde4_5.pod5,NONE_BACKGROUND,10000,40000,0,0.0
2ff8c0d5-0080-4a16-93ac-432fe2a12714,PAQ63858_pass_barcode48_33cbe55b_d2f2cde4_11.pod5,NONE_BACKGROUND,10000,40000,0,0.0
a8817d91-229c-4e1f-a659-2474bcd60205,PAQ63858_pass_barcode48_33cbe55b_d2f2cde4_10.pod5,NONE_BACKGROUND,10000,40000,0,0.0
78ac329b-82ac-48fa-822f-ee0dec7197b4,PAQ63858_pass_barcode48_33cbe55b_d2f2cde4_9.pod5,ENA|MH733892|MH733892.1,41878,52432,1,100.0
1e96a56d-aa1b-413a-ae36-97451a0cc387,PAQ63858_pass_barcode48_33cbe55b_d2f2cde4_4.pod5,ENA|HEE1644226|HEE1644226.1,16,9802,1,95.94
558a3896-6c09-4049-a22f-feeda695126f,PAQ63858_pass_barcode48_33cbe55b_d2f2cde4_5.pod5,NONE_BACKGROUND,10000,40000,0,0.0
bbbd1389-dde9-491d-a979-6727b80da993,PAQ63858_pass_barcode48_33cbe55b_d2f2cde4_6.pod5,NONE_BACKGROUND,10000,40000,0,0.0
3e91b89f-8041-4989-aa03-02b1b023cbcc,PAQ63858_pass_barcode48_33cbe55b_d2f2cde4_9.pod5,ENA|MZ092836|MZ092836.1,3322,18406,1,100.0
ba245adf-4657-4c5f-a2e5-efa0778f9283,PAQ63858_pass_barcode48_33cbe55b_d2f2cde4_6.pod5,NONE_BACKGROUND,10000,40000,0,0.0
a0831af7-b053-4682-9b3c-4d8b88c498fd,PAQ63858_pass_barcode48_33cbe55b_d2f2cde4_7.pod5,ENA|HEE1644226|HEE1644226.1,3610,13846,1,100.0
a64c8662-5274-4907-b86d-73c1eb5ec614,PAQ63858_pass_barcode48_33cbe55b_d2f2cde4_9.pod5,NONE_BACKGROUND,10000,40000,0,0.0
3c42ef89-9e8d-4e32-b6da-b0f8ed6843c9,PAQ63858_pass_barcode48_33cbe55b_d2f2cde4_0.pod5,NONE_BACKGROUND,10000,40000,0,0.0
9511e89d-0101-4473-9f0c-7ea7c94d4f72,PAQ63858_pass_barcode48_33cbe55b_d2f2cde4_11.pod5,NONE_BACKGROUND,10000,40000,0,0.0
1e0df2cd-946e-4f88-a3e3-c03d6d9d30f2,PAQ63858_pass_barcode48_33cbe55b_d2f2cde4_6.pod5,NONE_BACKGROUND,10000,40000,0,0.0
2228569f-9643-4d2a-8635-454ae7d0dc09,PAQ63858_pass_barcode48_33cbe55b_d2f2cde4_8.pod5,NONE_BACKGROUND,10000,40000,0,0.0
30eb3da5-9400-4818-b3a9-80d8b6982ac2,PAQ63858_pass_barcode48_33cbe55b_d2f2cde4_1.pod5,NONE_BACKGROUND,10000,40000,0,0.0
d793d129-ed54-4abf-8995-11a98a354f55,PAQ63858_pass_barcode48_33cbe55b_d2f2cde4_7.pod5,ENA|MH733892|MH733892.1,14254,28168,1,100.0
442b4bb7-1c58-4523-80dd-f9f445ac6cea,PAQ63858_pass_barcode48_33cbe55b_d2f2cde4_6.pod5,NONE_BACKGROUND,10000,40000,0,0.0
b251e758-69f5-466f-9c74-25078fc77a00,PAQ63858_pass_barcode48_33cbe55b_d2f2cde4_6.pod5,ENA|MH733892|MH733892.1,18124,26452,1,100.0
e9afceea-2ff3-4b55-b1d9-e3477d257258,PAQ63858_pass_barcode48_33cbe55b_d2f2cde4_9.pod5,NONE_BACKGROUND,10000,40000,0,0.0
84abf827-3a3a-443d-a38f-1c9c10ffdf59,PAQ63858_pass_barcode48_33cbe55b_d2f2cde4_3.pod5,NONE_BACKGROUND,10000,40000,0,0.0
65efa6ae-bc90-4244-a628-02b5da0b953e,PAQ63858_pass_barcode48_33cbe55b_d2f2cde4_2.pod5,NONE_BACKGROUND,10000,40000,0,0.0
abbc9f21-3243-42ea-872b-8fc8cc916bd9,PAQ63858_pass_barcode48_33cbe55b_d2f2cde4_11.pod5,ENA|HEE1644226|HEE1644226.1,79822,90706,1,100.0
f914f8bd-22e7-48f8-b0cc-deb06a90ca37,PAQ63858_pass_barcode48_33cbe55b_d2f2cde4_8.pod5,ENA|MH733892|MH733892.1,43624,55732,1,100.0
ee040bb2-2091-4e20-8cbc-c192729ab51f,PAQ63858_pass_barcode48_33cbe55b_d2f2cde4_5.pod5,NONE_BACKGROUND,10000,40000,0,0.0
e3fb3b26-0aec-4745-9593-fb22921c557c,PAQ63858_pass_barcode48_33cbe55b_d2f2cde4_2.pod5,NONE_BACKGROUND,10000,40000,0,0.0
6fc4dcce-b8cc-441b-b212-11901af59984,PAQ63858_pass_barcode48_33cbe55b_d2f2cde4_4.pod5,NONE_BACKGROUND,10000,40000,0,0.0
02b5d046-5fdc-4a25-aa31-4f7e8998961d,PAQ63858_pass_barcode48_33cbe55b_d2f2cde4_10.pod5,NONE_BACKGROUND,10000,40000,0,0.0
4d83e20e-04bc-46a7-9d12-5b132a2acfd8,PAQ63858_pass_barcode48_33cbe55b_d2f2cde4_10.pod5,ENA|HEE1644226|HEE1644226.1,43678,52792,1,100.0
a1770fc6-d8af-4b3e-8641-a85af2c749d2,PAQ63858_pass_barcode48_33cbe55b_d2f2cde4_7.pod5,NONE_BACKGROUND,10000,40000,0,0.0
7d8d3888-a1a1-4deb-b5d9-6e777daa5a57,PAQ63858_pass_barcode48_33cbe55b_d2f2cde4_11.pod5,NONE_BACKGROUND,10000,40000,0,0.0
2f5dce20-ff55-4331-a3d9-de88a50b137b,PAQ63858_pass_barcode48_33cbe55b_d2f2cde4_9.pod5,NONE_BACKGROUND,10000,40000,0,0.0
d5f88f04-a9ad-4dd6-98e2-50a3f24bbab3,PAQ63858_pass_barcode48_33cbe55b_d2f2cde4_7.pod5,NONE_BACKGROUND,10000,40000,0,0.0
872458d9-2077-4111-8f6b-d9da2cdd6d55,PAQ63858_pass_barcode48_33cbe55b_d2f2cde4_2.pod5,ENA|HEE1644226|HEE1644226.1,18190,30940,1,100.0
5e3bd46f-7d42-447e-b8bf-1f2a3cd0766e,PAQ63858_pass_barcode48_33cbe55b_d2f2cde4_1.pod5,NONE_BACKGROUND,10000,40000,0,0.0
ba959b62-f2d4-4fbb-a520-f146545bcad1,PAQ63858_pass_barcode48_33cbe55b_d2f2cde4_6.pod5,ENA|MH733892|MH733892.1,22102,33418,1,100.0
f6f2364a-1e79-4fea-b2ca-f9fb69341621,PAQ63858_pass_barcode48_33cbe55b_d2f2cde4_4.pod5,ENA|HEE1644226|HEE1644226.1,31786,42544,1,100.0
f0a3e01f-de39-4f35-82be-a43cd7d164e6,PAQ63858_pass_barcode48_33cbe55b_d2f2cde4_0.pod5,ENA|MZ092836|MZ092836.1,29764,41698,1,100.0
7badac6a-9232-4bfd-8cbd-e920c5de590a,PAQ63858_pass_barcode48_33cbe55b_d2f2cde4_2.pod5,NONE_BACKGROUND,10000,40000,0,0.0
31f30270-c2eb-4bf3-89aa-d57c2e9a4839,PAQ63858_pass_barcode48_33cbe55b_d2f2cde4_3.pod5,NONE_BACKGROUND,10000,40000,0,0.0
54bf0def-44b4-4a9a-aab6-db8de47f8970,PAQ63858_pass_barcode48_33cbe55b_d2f2cde4_9.pod5,NONE_BACKGROUND,10000,40000,0,0.0
c1e0fe41-5e40-4a32-ab51-a76da2c71b77,PAQ63858_pass_barcode48_33cbe55b_d2f2cde4_9.pod5,NONE_BACKGROUND,10000,40000,0,0.0
18d4bccb-09a4-4689-a67b-652b4bc90d48,PAQ63858_pass_barcode48_33cbe55b_d2f2cde4_0.pod5,NONE_BACKGROUND,10000,40000,0,0.0
a564c8e6-e505-4cdc-867f-35d62e8208c7,PAQ63858_pass_barcode48_33cbe55b_d2f2cde4_3.pod5,NONE_BACKGROUND,10000,40000,0,0.0
b5fe2cf7-5704-4e92-bd6c-d5de0b3cf0ac,PAQ63858_pass_barcode48_33cbe55b_d2f2cde4_2.pod5,NONE_BACKGROUND,10000,40000,0,0.0
1e20dad3-94af-42bc-98c8-48ac6ed29aa5,PAQ63858_pass_barcode48_33cbe55b_d2f2cde4_1.pod5,NONE_BACKGROUND,10000,40000,0,0.0
0c5445dd-ad02-4838-9623-fc6bfc929396,PAQ63858_pass_barcode48_33cbe55b_d2f2cde4_1.pod5,ENA|MH733892|MH733892.1,28858,38878,1,100.0
38b23852-9916-4cf8-84a3-f1d23fc8ff8e,PAQ63858_pass_barcode48_33cbe55b_d2f2cde4_0.pod5,ENA|MH733892|MH733892.1,2314,11476,1,100.0
ef9d4f41-e8d7-484a-8143-c89020a46d75,PAQ63858_pass_barcode48_33cbe55b_d2f2cde4_6.pod5,NONE_BACKGROUND,10000,40000,0,0.0
548aa6fb-d1cf-4bb4-b082-74ec9736e1c4,PAQ63858_pass_barcode48_33cbe55b_d2f2cde4_12.pod5,NONE_BACKGROUND,10000,40000,0,0.0
b5dfcc3f-5815-4299-bd0c-fd3bc7b3b908,PAQ63858_pass_barcode48_33cbe55b_d2f2cde4_4.pod5,NONE_BACKGROUND,10000,40000,0,0.0
c05e64f8-e19c-4dae-8232-fd3ff616dc63,PAQ63858_pass_barcode48_33cbe55b_d2f2cde4_3.pod5,NONE_BACKGROUND,10000,40000,0,0.0
e55c12b5-c8c1-4c10-9d75-2d31db63f3f2,PAQ63858_pass_barcode48_33cbe55b_d2f2cde4_8.pod5,NONE_BACKGROUND,10000,40000,0,0.0
a26f72f9-7215-43ff-9854-be793517c116,PAQ63858_pass_barcode48_33cbe55b_d2f2cde4_9.pod5,ENA|HEE1644226|HEE1644226.1,36538,46666,1,100.0
8d864a73-1bfb-412a-be71-2b220724317f,PAQ63858_pass_barcode48_33cbe55b_d2f2cde4_11.pod5,NONE_BACKGROUND,10000,40000,0,0.0
2a4e41e5-2426-405c-8b83-997ce4dbcfdd,PAQ63858_pass_barcode48_33cbe55b_d2f2cde4_8.pod5,ENA|MH733892|MH733892.1,33580,43138,1,100.0
239afd97-eaae-4879-be1a-45ae67460159,PAQ63858_pass_barcode48_33cbe55b_d2f2cde4_4.pod5,NONE_BACKGROUND,10000,40000,0,0.0
48fee7f2-98be-4989-9e22-74640333e0eb,PAQ63858_pass_barcode48_33cbe55b_d2f2cde4_5.pod5,NONE_BACKGROUND,10000,40000,0,0.0
08a79762-0e92-439d-949a-bb2cd39ff6ad,PAQ63858_pass_barcode48_33cbe55b_d2f2cde4_8.pod5,ENA|HEE1644226|HEE1644226.1,67192,77278,1,100.0
05993899-4862-4c80-8fd0-67c045808ea5,PAQ63858_pass_barcode48_33cbe55b_d2f2cde4_3.pod5,NONE_BACKGROUND,10000,40000,0,0.0
8430f6e5-7788-4219-a1db-42b6b6b03273,PAQ63858_pass_barcode48_33cbe55b_d2f2cde4_0.pod5,NONE_BACKGROUND,10000,40000,0,0.0
22020df3-3578-41a6-ac4b-84e3a010d42a,PAQ63858_pass_barcode48_33cbe55b_d2f2cde4_8.pod5,NONE_BACKGROUND,10000,40000,0,0.0
e9379efb-c156-4530-bd15-95651853438d,PAQ63858_pass_barcode48_33cbe55b_d2f2cde4_2.pod5,NONE_BACKGROUND,10000,40000,0,0.0
c2d4dfac-dc26-4b84-a5a5-d93c5c030414,PAQ63858_pass_barcode48_33cbe55b_d2f2cde4_10.pod5,ENA|HEE1644226|HEE1644226.1,14008,24400,1,100.0
79dd82ed-00d3-482a-b9a9-a02fa5bb6365,PAQ63858_pass_barcode48_33cbe55b_d2f2cde4_10.pod5,ENA|MH733892|MH733892.1,114568,126958,1,100.0
b372e3c9-ce2f-455f-96aa-d4efe5eac371,PAQ63858_pass_barcode48_33cbe55b_d2f2cde4_7.pod5,NONE_BACKGROUND,10000,40000,0,0.0
1091d525-8d82-404d-b0a3-54160477eebd,PAQ63858_pass_barcode48_33cbe55b_d2f2cde4_6.pod5,NONE_BACKGROUND,10000,40000,0,0.0
91da8863-c420-4d17-98fc-863cc437f319,PAQ63858_pass_barcode48_33cbe55b_d2f2cde4_11.pod5,NONE_BACKGROUND,10000,40000,0,0.0
af621620-06c0-4734-83b6-02e90772870c,PAQ63858_pass_barcode48_33cbe55b_d2f2cde4_7.pod5,NONE_BACKGROUND,10000,40000,0,0.0
84a95258-8eb1-42dc-a941-fb720864da21,PAQ63858_pass_barcode48_33cbe55b_d2f2cde4_8.pod5,NONE_BACKGROUND,10000,40000,0,0.0
1a7802b6-2f31-42e9-bb2b-04a10fc5cc60,PAQ63858_pass_barcode48_33cbe55b_d2f2cde4_9.pod5,NONE_BACKGROUND,10000,40000,0,0.0
ee6c4561-421f-4ce7-8d13-f6e77cc7145f,PAQ63858_pass_barcode48_33cbe55b_d2f2cde4_0.pod5,NONE_BACKGROUND,10000,40000,0,0.0
c39048e6-c85b-402c-82ee-069869d44dea,PAQ63858_pass_barcode48_33cbe55b_d2f2cde4_11.pod5,ENA|MZ092836|MZ092836.1,2152,18988,1,100.0
647ac98f-5eeb-40f8-9860-251aca32c706,PAQ63858_pass_barcode48_33cbe55b_d2f2cde4_9.pod5,ENA|HEE1644226|HEE1644226.1,5440,17452,1,97.25
3299b996-25cf-46d5-b40c-f5fd90013844,PAQ63858_pass_barcode48_33cbe55b_d2f2cde4_1.pod5,NONE_BACKGROUND,10000,40000,0,0.0
cf84d2cf-da94-40f5-bf58-3ca422112626,PAQ63858_pass_barcode48_33cbe55b_d2f2cde4_1.pod5,NONE_BACKGROUND,10000,40000,0,0.0
4b98a2c4-c716-47d2-81c0-a2d434d53de4,PAQ63858_pass_barcode48_33cbe55b_d2f2cde4_1.pod5,NONE_BACKGROUND,10000,40000,0,0.0
1eac8e96-a9b3-4690-8e2a-3fd4550823bf,PAQ63858_pass_barcode48_33cbe55b_d2f2cde4_4.pod5,ENA|HEE1644226|HEE1644226.1,49492,59668,1,100.0
58bc0955-d7b7-4611-94ef-1a4d33b98663,PAQ63858_pass_barcode48_33cbe55b_d2f2cde4_3.pod5,ENA|MZ092836|MZ092836.1,89572,117754,1,100.0
65c892d4-6724-4ddf-9b1b-15e394f0079d,PAQ63858_pass_barcode48_33cbe55b_d2f2cde4_8.pod5,NONE_BACKGROUND,10000,40000,0,0.0
3c77de4e-9f63-4dc7-b436-48534eeccf66,PAQ63858_pass_barcode48_33cbe55b_d2f2cde4_9.pod5,NONE_BACKGROUND,10000,40000,0,0.0
97e40493-0994-4f51-9a82-f81bb8714765,PAQ63858_pass_barcode48_33cbe55b_d2f2cde4_12.pod5,NONE_BACKGROUND,10000,40000,0,0.0
ccf8a69a-86f2-4bda-b729-e89b6edd0d05,PAQ63858_pass_barcode48_33cbe55b_d2f2cde4_5.pod5,NONE_BACKGROUND,10000,40000,0,0.0
08ef17f9-d1bf-4b69-be1b-bb99c0902680,PAQ63858_pass_barcode48_33cbe55b_d2f2cde4_4.pod5,NONE_BACKGROUND,10000,40000,0,0.0
6579b77a-d578-4bef-9076-417178483be8,PAQ63858_pass_barcode48_33cbe55b_d2f2cde4_9.pod5,NONE_BACKGROUND,10000,40000,0,0.0
3d93dd81-2e6b-46e1-9d7d-0e5c70b59a8b,PAQ63858_pass_barcode48_33cbe55b_d2f2cde4_8.pod5,NONE_BACKGROUND,10000,40000,0,0.0
8caba937-22b6-4b3c-8bb8-8305f09119bc,PAQ63858_pass_barcode48_33cbe55b_d2f2cde4_5.pod5,ENA|HEE1644226|HEE1644226.1,113116,122854,1,99.76
f0e1ba78-3894-42d2-a27f-4803a158745f,PAQ63858_pass_barcode48_33cbe55b_d2f2cde4_5.pod5,NONE_BACKGROUND,10000,40000,0,0.0
ce243fa5-30ca-4129-8708-93e03c46309b,PAQ63858_pass_barcode48_33cbe55b_d2f2cde4_2.pod5,ENA|MH733892|MH733892.1,127426,140932,1,100.0
8a6bc95e-8bb8-4d56-b29c-89a3a1715105,PAQ63858_pass_barcode48_33cbe55b_d2f2cde4_11.pod5,NONE_BACKGROUND,10000,40000,0,0.0
6c8ed425-ff21-4030-8f43-124e997ef365,PAQ63858_pass_barcode48_33cbe55b_d2f2cde4_7.pod5,ENA|MH733892|MH733892.1,139210,156412,1,100.0
c6b19adf-e9ae-4a39-aa0f-445d774157c6,PAQ63858_pass_barcode48_33cbe55b_d2f2cde4_10.pod5,ENA|HEE1644226|HEE1644226.1,13660,23986,1,96.65
f9bed42e-a1e5-4162-82b6-7db0a03bf60d,PAQ63858_pass_barcode48_33cbe55b_d2f2cde4_10.pod5,NONE_BACKGROUND,10000,40000,0,0.0
4adc48f9-a46b-476d-b629-d75e855a62f2,PAQ63858_pass_barcode48_33cbe55b_d2f2cde4_6.pod5,ENA|HEE1644226|HEE1644226.1,65752,76660,1,100.0
68214a8a-a597-4741-ad5d-a135a3957960,PAQ63858_pass_barcode48_33cbe55b_d2f2cde4_1.pod5,NONE_BACKGROUND,10000,40000,0,0.0
3b30611d-5a03-4253-b1c3-464f7565b8ad,PAQ63858_pass_barcode48_33cbe55b_d2f2cde4_0.pod5,NONE_BACKGROUND,10000,40000,0,0.0
6d05b1b7-0024-490d-b9bd-4ce618c50181,PAQ63858_pass_barcode48_33cbe55b_d2f2cde4_8.pod5,NONE_BACKGROUND,10000,40000,0,0.0
2b3cf61b-1a5c-4d89-b3ad-a99c262f1f82,PAQ63858_pass_barcode48_33cbe55b_d2f2cde4_6.pod5,NONE_BACKGROUND,10000,40000,0,0.0
0d6e2220-ba46-4287-9875-c9c20af388e7,PAQ63858_pass_barcode48_33cbe55b_d2f2cde4_9.pod5,NONE_BACKGROUND,10000,40000,0,0.0
10d9c6d5-fd11-43e8-8bc8-542bb9dd11b5,PAQ63858_pass_barcode48_33cbe55b_d2f2cde4_7.pod5,NONE_BACKGROUND,10000,40000,0,0.0
0b31e9b3-261e-4c95-884d-8722ad8730a5,PAQ63858_pass_barcode48_33cbe55b_d2f2cde4_2.pod5,NONE_BACKGROUND,10000,40000,0,0.0
c8da80c2-4b89-4eb9-8f71-7b96871996dc,PAQ63858_pass_barcode48_33cbe55b_d2f2cde4_2.pod5,ENA|HEE1644226|HEE1644226.1,15136,25702,1,100.0
9c0356b6-2626-48a3-b356-974df14afbf3,PAQ63858_pass_barcode48_33cbe55b_d2f2cde4_11.pod5,NONE_BACKGROUND,10000,40000,0,0.0
0612645a-b555-4d77-880a-8b681569198d,PAQ63858_pass_barcode48_33cbe55b_d2f2cde4_6.pod5,NONE_BACKGROUND,10000,40000,0,0.0
5e954284-7f85-41f8-9c80-4965a8cdcbd0,PAQ63858_pass_barcode48_33cbe55b_d2f2cde4_11.pod5,NONE_BACKGROUND,10000,40000,0,0.0
3af5c89e-a69d-46d8-959b-ce60ea5b512e,PAQ63858_pass_barcode48_33cbe55b_d2f2cde4_11.pod5,NONE_BACKGROUND,10000,40000,0,0.0
ad220d28-ee8b-404d-9043-0fdcb7da52b3,PAQ63858_pass_barcode48_33cbe55b_d2f2cde4_4.pod5,ENA|HEE1644226|HEE1644226.1,66700,77326,1,100.0
b411242f-f0f6-4eb4-a12f-f5347a596b2d,PAQ63858_pass_barcode48_33cbe55b_d2f2cde4_10.pod5,NONE_BACKGROUND,10000,40000,0,0.0
a25324b9-1417-461c-91d9-bed58247bc10,PAQ63858_pass_barcode48_33cbe55b_d2f2cde4_3.pod5,NONE_BACKGROUND,10000,40000,0,0.0
5af2730e-d36b-4718-8ffb-6fd9e993e57e,PAQ63858_pass_barcode48_33cbe55b_d2f2cde4_1.pod5,NONE_BACKGROUND,10000,40000,0,0.0
a33ad033-0f8b-4e09-b6fe-7dd5223b3ab6,PAQ63858_pass_barcode48_33cbe55b_d2f2cde4_8.pod5,NONE_BACKGROUND,10000,40000,0,0.0
296f0ad8-cf93-4c9d-92c2-759a4ec5e0bf,PAQ63858_pass_barcode48_33cbe55b_d2f2cde4_10.pod5,NONE_BACKGROUND,10000,40000,0,0.0
67af6c45-45a0-4536-b7c7-ab35ba87fec1,PAQ63858_pass_barcode48_33cbe55b_d2f2cde4_0.pod5,NONE_BACKGROUND,10000,40000,0,0.0
70431260-8614-435c-a4e1-a64e271f6ef6,PAQ63858_pass_barcode48_33cbe55b_d2f2cde4_4.pod5,ENA|MZ092836|MZ092836.1,16948,28954,1,98.64
aac5929a-998c-44da-82d8-44326b2a8f78,PAQ63858_pass_barcode48_33cbe55b_d2f2cde4_3.pod5,NONE_BACKGROUND,10000,40000,0,0.0
6ad866a2-1c69-43c8-93e9-dd14544d8f1a,PAQ63858_pass_barcode48_33cbe55b_d2f2cde4_5.pod5,NONE_BACKGROUND,10000,40000,0,0.0
c7fa25d1-a622-48b1-a351-34e0395e64d5,PAQ63858_pass_barcode48_33cbe55b_d2f2cde4_4.pod5,NONE_BACKGROUND,10000,40000,0,0.0
2cf61797-aea7-4c1a-98d3-d4fc267992ee,PAQ63858_pass_barcode48_33cbe55b_d2f2cde4_10.pod5,NONE_BACKGROUND,10000,40000,0,0.0
ecf0b4f7-34b1-4dc7-86a8-6754eeb9864d,PAQ63858_pass_barcode48_33cbe55b_d2f2cde4_10.pod5,NONE_BACKGROUND,10000,40000,0,0.0
9d131eaa-2360-4adc-83a9-230fc849b82d,PAQ63858_pass_barcode48_33cbe55b_d2f2cde4_2.pod5,NONE_BACKGROUND,10000,40000,0,0.0
22cff157-3ce7-465e-b49e-83e2cf16c58a,PAQ63858_pass_barcode48_33cbe55b_d2f2cde4_3.pod5,ENA|MH733892|MH733892.1,58390,68488,1,100.0
47e78e52-f247-4c90-a6cc-a3049c664855,PAQ63858_pass_barcode48_33cbe55b_d2f2cde4_2.pod5,NONE_BACKGROUND,10000,40000,0,0.0
be3d3170-1a08-417f-b0ae-7d75a1166635,PAQ63858_pass_barcode48_33cbe55b_d2f2cde4_1.pod5,ENA|MH733892|MH733892.1,266464,276436,1,100.0
81f86ac4-eef8-48c0-8032-022184cdca59,PAQ63858_pass_barcode48_33cbe55b_d2f2cde4_8.pod5,NONE_BACKGROUND,10000,40000,0,0.0
2498ef06-833d-4bf8-9f40-31c8493bf849,PAQ63858_pass_barcode48_33cbe55b_d2f2cde4_2.pod5,NONE_BACKGROUND,10000,40000,0,0.0
ee6cbecd-197a-43c6-b515-b2555cc8d2f7,PAQ63858_pass_barcode48_33cbe55b_d2f2cde4_4.pod5,NONE_BACKGROUND,10000,40000,0,0.0
b477e4b6-dcc5-4f95-bd78-fb8e260f86ad,PAQ63858_pass_barcode48_33cbe55b_d2f2cde4_8.pod5,ENA|HEE1644226|HEE1644226.1,108604,118708,1,100.0
c88e43ef-d220-424a-a859-3870867958a4,PAQ63858_pass_barcode48_33cbe55b_d2f2cde4_5.pod5,NONE_BACKGROUND,10000,40000,0,0.0
ce4f19d8-a2f6-4af4-831c-f0af289146be,PAQ63858_pass_barcode48_33cbe55b_d2f2cde4_0.pod5,NONE_BACKGROUND,10000,40000,0,0.0
a1439cc1-3804-4538-a958-d2b1c25bc11a,PAQ63858_pass_barcode48_33cbe55b_d2f2cde4_7.pod5,ENA|HEE1644226|HEE1644226.1,25282,33820,1,98.92
5e9c90be-f9e0-40c0-a94b-3fb16efb8618,PAQ63858_pass_barcode48_33cbe55b_d2f2cde4_12.pod5,NONE_BACKGROUND,10000,40000,0,0.0
08fb92e3-b8de-4bea-9177-501c7e0b78ec,PAQ63858_pass_barcode48_33cbe55b_d2f2cde4_1.pod5,NONE_BACKGROUND,10000,40000,0,0.0
86956a03-a166-4d4b-b4f3-1c5cf0cf3a15,PAQ63858_pass_barcode48_33cbe55b_d2f2cde4_3.pod5,ENA|HEE1644226|HEE1644226.1,82864,93628,1,98.92
d929a10d-934d-4c88-92c3-86eae14403fd,PAQ63858_pass_barcode48_33cbe55b_d2f2cde4_7.pod5,ENA|HEE1644226|HEE1644226.1,52198,61876,1,100.0
9aca8369-bf19-4f21-b595-c88328dd05bd,PAQ63858_pass_barcode48_33cbe55b_d2f2cde4_0.pod5,ENA|MH733892|MH733892.1,77404,86458,1,98.49
ad2d10c8-1e56-4012-a3b7-af7e2a495d4e,PAQ63858_pass_barcode48_33cbe55b_d2f2cde4_1.pod5,NONE_BACKGROUND,10000,40000,0,0.0
6492ec2c-d62a-4697-bc6b-d374748864be,PAQ63858_pass_barcode48_33cbe55b_d2f2cde4_7.pod5,NONE_BACKGROUND,10000,40000,0,0.0
2490ddec-384e-4f6e-acfb-f522b0d75d2f,PAQ63858_pass_barcode48_33cbe55b_d2f2cde4_8.pod5,NONE_BACKGROUND,10000,40000,0,0.0
4dc8b223-beec-430e-89f8-33cd5f528c11,PAQ63858_pass_barcode48_33cbe55b_d2f2cde4_4.pod5,NONE_BACKGROUND,10000,40000,0,0.0
5330359a-c146-4850-b209-02d0a0b9032d,PAQ63858_pass_barcode48_33cbe55b_d2f2cde4_0.pod5,NONE_BACKGROUND,10000,40000,0,0.0
339f12b2-6544-4778-893b-880468487bb4,PAQ63858_pass_barcode48_33cbe55b_d2f2cde4_1.pod5,ENA|HEE1644226|HEE1644226.1,22048,34786,1,99.76
c857d56f-cfdb-43a2-bae6-ddae4d29771e,PAQ63858_pass_barcode48_33cbe55b_d2f2cde4_11.pod5,NONE_BACKGROUND,10000,40000,0,0.0
ab91a124-1c0d-439d-bdbe-0937b8d454d1,PAQ63858_pass_barcode48_33cbe55b_d2f2cde4_4.pod5,ENA|HEE1644226|HEE1644226.1,10936,23110,1,100.0
736f0400-588b-49a5-a132-364d508cc797,PAQ63858_pass_barcode48_33cbe55b_d2f2cde4_2.pod5,NONE_BACKGROUND,10000,40000,0,0.0
fc1f26a7-81cc-4416-aaa5-7f59a4f69771,PAQ63858_pass_barcode48_33cbe55b_d2f2cde4_1.pod5,NONE_BACKGROUND,10000,40000,0,0.0
ccb49839-175a-4dcb-a301-92a365b15021,PAQ63858_pass_barcode48_33cbe55b_d2f2cde4_9.pod5,NONE_BACKGROUND,10000,40000,0,0.0
260c7847-055e-4004-a7e4-4e72274932b2,PAQ63858_pass_barcode48_33cbe55b_d2f2cde4_3.pod5,NONE_BACKGROUND,10000,40000,0,0.0
cd773815-cc3c-44b9-828c-3ba2c5d6227f,PAQ63858_pass_barcode48_33cbe55b_d2f2cde4_5.pod5,NONE_BACKGROUND,10000,40000,0,0.0
3f8f08ec-2626-4f5b-a1e3-212c157abd87,PAQ63858_pass_barcode48_33cbe55b_d2f2cde4_0.pod5,NONE_BACKGROUND,10000,40000,0,0.0
1a986c8a-048d-4f65-8dc8-e8114f16d805,PAQ63858_pass_barcode48_33cbe55b_d2f2cde4_2.pod5,NONE_BACKGROUND,10000,40000,0,0.0
453ea6d8-feff-4e20-aa23-154913d4de96,PAQ63858_pass_barcode48_33cbe55b_d2f2cde4_1.pod5,NONE_BACKGROUND,10000,40000,0,0.0
a375ec27-5e78-4ec7-b5a2-9043a91f3c1d,PAQ63858_pass_barcode48_33cbe55b_d2f2cde4_0.pod5,NONE_BACKGROUND,10000,40000,0,0.0
e081fb27-e67d-4ff0-ad76-7c64c57da2d0,PAQ63858_pass_barcode48_33cbe55b_d2f2cde4_9.pod5,NONE_BACKGROUND,10000,40000,0,0.0
86b016a4-17da-4651-be9a-b8b9deaa52ac,PAQ63858_pass_barcode48_33cbe55b_d2f2cde4_9.pod5,ENA|MH733892|MH733892.1,26968,36826,1,99.77
ac7caf86-f1c0-4199-889e-3de0b4022902,PAQ63858_pass_barcode48_33cbe55b_d2f2cde4_0.pod5,NONE_BACKGROUND,10000,40000,0,0.0
2aed4847-0310-4125-acba-c9e7789d685b,PAQ63858_pass_barcode48_33cbe55b_d2f2cde4_3.pod5,NONE_BACKGROUND,10000,40000,0,0.0
eb4aa204-cec5-47f8-b3b5-2b0391b13558,PAQ63858_pass_barcode48_33cbe55b_d2f2cde4_2.pod5,NONE_BACKGROUND,10000,40000,0,0.0
046c7b36-4f2d-44c1-a6b2-6f191f596a42,PAQ63858_pass_barcode48_33cbe55b_d2f2cde4_12.pod5,NONE_BACKGROUND,10000,40000,0,0.0
872941d7-36e4-4f52-8706-3465d5cb2196,PAQ63858_pass_barcode48_33cbe55b_d2f2cde4_8.pod5,ENA|MH733892|MH733892.1,105172,115438,1,100.0
32169bf2-8eee-47e2-b820-82bde1600124,PAQ63858_pass_barcode48_33cbe55b_d2f2cde4_7.pod5,ENA|MH733892|MH733892.1,8848,20518,1,100.0
acc7bf41-bac6-4099-bd7c-a70a7d60e337,PAQ63858_pass_barcode48_33cbe55b_d2f2cde4_1.pod5,NONE_BACKGROUND,10000,40000,0,0.0
e8e9b143-6f5d-4b26-88b6-26ffc176e604,PAQ63858_pass_barcode48_33cbe55b_d2f2cde4_5.pod5,NONE_BACKGROUND,10000,40000,0,0.0
c8b95e23-fd39-4427-a055-e0959073f38f,PAQ63858_pass_barcode48_33cbe55b_d2f2cde4_4.pod5,NONE_BACKGROUND,10000,40000,0,0.0
c00b91e2-17da-44e6-b580-b6b1d6ec90a7,PAQ63858_pass_barcode48_33cbe55b_d2f2cde4_5.pod5,NONE_BACKGROUND,10000,40000,0,0.0
0d213458-583f-4480-ba19-2820fd111413,PAQ63858_pass_barcode48_33cbe55b_d2f2cde4_1.pod5,NONE_BACKGROUND,10000,40000,0,0.0
eb0a1935-c818-4349-847c-61586088086d,PAQ63858_pass_barcode48_33cbe55b_d2f2cde4_6.pod5,NONE_BACKGROUND,10000,40000,0,0.0
8fdb9e6b-738d-4ab4-b9f7-0d1d66561246,PAQ63858_pass_barcode48_33cbe55b_d2f2cde4_1.pod5,ENA|MZ092836|MZ092836.1,11518,25606,1,100.0
9abaf99b-dddd-4ee7-8759-9f7684ac6de6,PAQ63858_pass_barcode48_33cbe55b_d2f2cde4_7.pod5,ENA|HEE1644226|HEE1644226.1,13012,25318,1,98.57
c98b622e-ef8d-4add-b8f2-a3b94c7633b6,PAQ63858_pass_barcode48_33cbe55b_d2f2cde4_5.pod5,NONE_BACKGROUND,10000,40000,0,0.0
e01b07c7-c91d-40ae-98d3-292e69ed31dc,PAQ63858_pass_barcode48_33cbe55b_d2f2cde4_7.pod5,ENA|MH733892|MH733892.1,90754,102292,1,100.0
5b900087-5032-46cc-af90-c0f2d8aef9db,PAQ63858_pass_barcode48_33cbe55b_d2f2cde4_2.pod5,NONE_BACKGROUND,10000,40000,0,0.0
1ebb009b-2848-4ed9-b0a6-f22db31945a6,PAQ63858_pass_barcode48_33cbe55b_d2f2cde4_8.pod5,ENA|MZ092836|MZ092836.1,17500,31720,1,100.0
40ad987a-4fe1-45bd-86ce-39cae330ca96,PAQ63858_pass_barcode48_33cbe55b_d2f2cde4_5.pod5,NONE_BACKGROUND,10000,40000,0,0.0
a195be80-2700-4e01-bbe3-e66823dba89d,PAQ63858_pass_barcode48_33cbe55b_d2f2cde4_7.pod5,NONE_BACKGROUND,10000,40000,0,0.0
2cdba96a-36c3-4024-8e35-057cf40ad1b9,PAQ63858_pass_barcode48_33cbe55b_d2f2cde4_1.pod5,NONE_BACKGROUND,10000,40000,0,0.0
a3eed824-0a08-471a-9117-3e2960680e00,PAQ63858_pass_barcode48_33cbe55b_d2f2cde4_11.pod5,ENA|HEE1644226|HEE1644226.1,41218,52156,1,98.57
0b541330-ede6-462a-8cdf-2b46c2007320,PAQ63858_pass_barcode48_33cbe55b_d2f2cde4_7.pod5,ENA|MZ092836|MZ092836.1,2986,18796,1,100.0
f17a4aad-c22c-47fb-be73-8555daad31f8,PAQ63858_pass_barcode48_33cbe55b_d2f2cde4_1.pod5,ENA|MZ092836|MZ092836.1,11554,27028,1,99.32
bf6dd02f-f0d5-4845-abc2-b4db94830244,PAQ63858_pass_barcode48_33cbe55b_d2f2cde4_1.pod5,NONE_BACKGROUND,10000,40000,0,0.0
372b0bfe-5e2a-4b0c-a167-41388c635c1d,PAQ63858_pass_barcode48_33cbe55b_d2f2cde4_5.pod5,NONE_BACKGROUND,10000,40000,0,0.0
22a9ed18-359b-4a59-a4c1-3908902c625b,PAQ63858_pass_barcode48_33cbe55b_d2f2cde4_1.pod5,NONE_BACKGROUND,10000,40000,0,0.0
b686c207-888d-4cee-91d1-526d2a0010f0,PAQ63858_pass_barcode48_33cbe55b_d2f2cde4_4.pod5,NONE_BACKGROUND,10000,40000,0,0.0
208a822c-c51b-4426-9849-fbdfb087df3b,PAQ63858_pass_barcode48_33cbe55b_d2f2cde4_11.pod5,ENA|MH733892|MH733892.1,27922,39106,1,100.0
8130c6d5-e580-4531-9417-14d8bb5c22d5,PAQ63858_pass_barcode48_33cbe55b_d2f2cde4_0.pod5,NONE_BACKGROUND,10000,40000,0,0.0
1feac31c-eb4d-484d-a171-1576e10eb1d1,PAQ63858_pass_barcode48_33cbe55b_d2f2cde4_4.pod5,NONE_BACKGROUND,10000,40000,0,0.0
63a21a45-b4f5-43e9-b007-b07dde42cdeb,PAQ63858_pass_barcode48_33cbe55b_d2f2cde4_2.pod5,NONE_BACKGROUND,10000,40000,0,0.0
44f8cdbc-7e11-40fa-bee1-c5a447dc2e95,PAQ63858_pass_barcode48_33cbe55b_d2f2cde4_8.pod5,NONE_BACKGROUND,10000,40000,0,0.0
cd895cde-247d-46ed-bcb5-b8b17cdc9877,PAQ63858_pass_barcode48_33cbe55b_d2f2cde4_7.pod5,NONE_BACKGROUND,10000,40000,0,0.0
73db4bf8-51cf-4f85-90b9-08888212e33f,PAQ63858_pass_barcode48_33cbe55b_d2f2cde4_8.pod5,NONE_BACKGROUND,10000,40000,0,0.0
b7b29ce1-23b3-4998-b499-448a5453b9d9,PAQ63858_pass_barcode48_33cbe55b_d2f2cde4_7.pod5,NONE_BACKGROUND,10000,40000,0,0.0
62a6f096-2500-4152-90fc-bb9da839f89b,PAQ63858_pass_barcode48_33cbe55b_d2f2cde4_3.pod5,NONE_BACKGROUND,10000,40000,0,0.0
466b39d6-4fd7-464f-9356-cc34f6eface0,PAQ63858_pass_barcode48_33cbe55b_d2f2cde4_9.pod5,NONE_BACKGROUND,10000,40000,0,0.0
b501bc15-9b87-4fb2-83a7-5a27879835f8,PAQ63858_pass_barcode48_33cbe55b_d2f2cde4_11.pod5,NONE_BACKGROUND,10000,40000,0,0.0
eef64003-2c2e-4fae-ab1e-648d14e2ff9f,PAQ63858_pass_barcode48_33cbe55b_d2f2cde4_4.pod5,NONE_BACKGROUND,10000,40000,0,0.0
95b9d2e1-83b4-4e6b-90eb-42a8ec5d930a,PAQ63858_pass_barcode48_33cbe55b_d2f2cde4_2.pod5,NONE_BACKGROUND,10000,40000,0,0.0
73c34712-96b2-4329-b160-451b71092ea8,PAQ63858_pass_barcode48_33cbe55b_d2f2cde4_1.pod5,NONE_BACKGROUND,10000,40000,0,0.0
74ffaf9d-468f-4795-ba7c-967bdc759d0e,PAQ63858_pass_barcode48_33cbe55b_d2f2cde4_9.pod5,NONE_BACKGROUND,10000,40000,0,0.0
c3f8eb6b-a909-4cdc-aa9f-105e32f44129,PAQ63858_pass_barcode48_33cbe55b_d2f2cde4_12.pod5,NONE_BACKGROUND,10000,40000,0,0.0
02360310-d977-4a96-9943-b309c3e165ba,PAQ63858_pass_barcode48_33cbe55b_d2f2cde4_11.pod5,NONE_BACKGROUND,10000,40000,0,0.0
f3b5cb06-7634-43c5-9afc-5fd27ed383b6,PAQ63858_pass_barcode48_33cbe55b_d2f2cde4_9.pod5,NONE_BACKGROUND,10000,40000,0,0.0
0f6d531e-88a4-4be7-acf7-f8b4ba3042b4,PAQ63858_pass_barcode48_33cbe55b_d2f2cde4_8.pod5,ENA|HEE1644226|HEE1644226.1,68464,78688,1,100.0
8344d925-9249-4461-bafb-5a75463a0855,PAQ63858_pass_barcode48_33cbe55b_d2f2cde4_0.pod5,NONE_BACKGROUND,10000,40000,0,0.0
adc8a0ce-39ad-4d37-ab1a-27c9233c73fe,PAQ63858_pass_barcode48_33cbe55b_d2f2cde4_2.pod5,NONE_BACKGROUND,10000,40000,0,0.0
95b0eb2f-cd00-4d0d-ad95-b5fda3a724d3,PAQ63858_pass_barcode48_33cbe55b_d2f2cde4_0.pod5,NONE_BACKGROUND,10000,40000,0,0.0
9b9ade9f-51a5-4b1c-af68-7a4897b46e14,PAQ63858_pass_barcode48_33cbe55b_d2f2cde4_9.pod5,NONE_BACKGROUND,10000,40000,0,0.0
d14a87fd-bc64-454e-8eb0-d71c998664e4,PAQ63858_pass_barcode48_33cbe55b_d2f2cde4_1.pod5,NONE_BACKGROUND,10000,40000,0,0.0
f2492ce5-dd19-495b-86b6-8673876c9155,PAQ63858_pass_barcode48_33cbe55b_d2f2cde4_2.pod5,NONE_BACKGROUND,10000,40000,0,0.0
1666ce37-3fea-43b8-a63a-65597b6653c8,PAQ63858_pass_barcode48_33cbe55b_d2f2cde4_1.pod5,NONE_BACKGROUND,10000,40000,0,0.0
208a383c-c7ba-4467-8df4-d83bd207c1af,PAQ63858_pass_barcode48_33cbe55b_d2f2cde4_6.pod5,NONE_BACKGROUND,10000,40000,0,0.0
46044d04-68ab-44f7-8017-c35614972efc,PAQ63858_pass_barcode48_33cbe55b_d2f2cde4_11.pod5,NONE_BACKGROUND,10000,40000,0,0.0
667ff946-3df6-4cfb-950a-8fc687119821,PAQ63858_pass_barcode48_33cbe55b_d2f2cde4_6.pod5,NONE_BACKGROUND,10000,40000,0,0.0
88fd1122-7c9c-4246-a4db-cd2bd526be7b,PAQ63858_pass_barcode48_33cbe55b_d2f2cde4_10.pod5,NONE_BACKGROUND,10000,40000,0,0.0
15e439ab-d828-4f8b-b96d-98326adee4d0,PAQ63858_pass_barcode48_33cbe55b_d2f2cde4_8.pod5,NONE_BACKGROUND,10000,40000,0,0.0
760b523b-cbed-415e-bea7-ddec8c2871da,PAQ63858_pass_barcode48_33cbe55b_d2f2cde4_3.pod5,NONE_BACKGROUND,10000,40000,0,0.0
874d53b8-64fc-4a2d-bcc3-58af0263989e,PAQ63858_pass_barcode48_33cbe55b_d2f2cde4_6.pod5,NONE_BACKGROUND,10000,40000,0,0.0
d5bf3218-36e0-4756-b6b4-190c28281ae4,PAQ63858_pass_barcode48_33cbe55b_d2f2cde4_9.pod5,NONE_BACKGROUND,10000,40000,0,0.0
b384aaf4-a7a4-4a0f-864f-32e077ee3311,PAQ63858_pass_barcode48_33cbe55b_d2f2cde4_9.pod5,NONE_BACKGROUND,10000,40000,0,0.0
5b6f2707-2ea8-4dff-a94b-4b2da10382db,PAQ63858_pass_barcode48_33cbe55b_d2f2cde4_5.pod5,NONE_BACKGROUND,10000,40000,0,0.0
4f390dcd-49a9-4068-8381-eeab14af655a,PAQ63858_pass_barcode48_33cbe55b_d2f2cde4_8.pod5,NONE_BACKGROUND,10000,40000,0,0.0
3b492b68-0e90-4b7e-8d7a-1384a14b5c10,PAQ63858_pass_barcode48_33cbe55b_d2f2cde4_0.pod5,NONE_BACKGROUND,10000,40000,0,0.0
ed305a0a-962e-4631-94f7-3777fa29cff8,PAQ63858_pass_barcode48_33cbe55b_d2f2cde4_6.pod5,NONE_BACKGROUND,10000,40000,0,0.0
bafe2264-dab9-4b33-a40b-c980fab90799,PAQ63858_pass_barcode48_33cbe55b_d2f2cde4_9.pod5,NONE_BACKGROUND,10000,40000,0,0.0
9b2014cc-cae4-4cc0-823d-f7cb866a1e1a,PAQ63858_pass_barcode48_33cbe55b_d2f2cde4_0.pod5,NONE_BACKGROUND,10000,40000,0,0.0
a1fc7480-5595-440a-b39f-b8b91a048d27,PAQ63858_pass_barcode48_33cbe55b_d2f2cde4_4.pod5,NONE_BACKGROUND,10000,40000,0,0.0
eafa0d7e-3efe-482c-9f9d-2ad91ff81dbe,PAQ63858_pass_barcode48_33cbe55b_d2f2cde4_0.pod5,NONE_BACKGROUND,10000,40000,0,0.0
d9ca607e-dd7e-42ea-b15a-29bf37b2eef4,PAQ63858_pass_barcode48_33cbe55b_d2f2cde4_1.pod5,NONE_BACKGROUND,10000,40000,0,0.0
7f189431-baf5-473d-8486-961a6a8859f2,PAQ63858_pass_barcode48_33cbe55b_d2f2cde4_5.pod5,NONE_BACKGROUND,10000,40000,0,0.0
e48aa4e5-eff5-4bf9-9ce3-5647752f6c02,PAQ63858_pass_barcode48_33cbe55b_d2f2cde4_7.pod5,NONE_BACKGROUND,10000,40000,0,0.0
ec1f0851-e8b5-485b-adef-c417eef2460c,PAQ63858_pass_barcode48_33cbe55b_d2f2cde4_1.pod5,NONE_BACKGROUND,10000,40000,0,0.0
f98b8a01-16b5-418a-8b01-d5a0c9f031da,PAQ63858_pass_barcode48_33cbe55b_d2f2cde4_1.pod5,NONE_BACKGROUND,10000,40000,0,0.0
809d8d5d-9b52-42a6-b82d-8d76dc3d1132,PAQ63858_pass_barcode48_33cbe55b_d2f2cde4_6.pod5,NONE_BACKGROUND,10000,40000,0,0.0
25ad2ab0-d6a0-4bfd-aa68-66cdf7e5b8fa,PAQ63858_pass_barcode48_33cbe55b_d2f2cde4_2.pod5,NONE_BACKGROUND,10000,40000,0,0.0
032dc59e-b29b-40ba-a185-b61c8741f158,PAQ63858_pass_barcode48_33cbe55b_d2f2cde4_10.pod5,NONE_BACKGROUND,10000,40000,0,0.0
da5d850f-8c97-49c7-a771-856fef41e161,PAQ63858_pass_barcode48_33cbe55b_d2f2cde4_11.pod5,ENA|HEE1644226|HEE1644226.1,128050,137890,1,100.0
1ae870af-bea1-4624-837f-8840210b4a1e,PAQ63858_pass_barcode48_33cbe55b_d2f2cde4_5.pod5,NONE_BACKGROUND,10000,40000,0,0.0
5092cde9-1a5d-4c16-ad59-4ca0101ed08d,PAQ63858_pass_barcode48_33cbe55b_d2f2cde4_2.pod5,ENA|MH733892|MH733892.1,814,17290,1,100.0
fbbca7e1-06e1-4107-a17c-e83022225d39,PAQ63858_pass_barcode48_33cbe55b_d2f2cde4_7.pod5,NONE_BACKGROUND,10000,40000,0,0.0
9875bce5-e2be-4c6e-9b1d-84273510397d,PAQ63858_pass_barcode48_33cbe55b_d2f2cde4_3.pod5,ENA|HEE1644226|HEE1644226.1,103222,112432,1,100.0
f4d51f77-861e-4b46-bced-dd06915e227c,PAQ63858_pass_barcode48_33cbe55b_d2f2cde4_10.pod5,NONE_BACKGROUND,10000,40000,0,0.0
85e71453-c775-4750-ae53-30dfa9a13f3d,PAQ63858_pass_barcode48_33cbe55b_d2f2cde4_7.pod5,ENA|MH733892|MH733892.1,10336,19996,1,100.0
88e5e732-ba06-433e-a0a9-3bdf77f05f1a,PAQ63858_pass_barcode48_33cbe55b_d2f2cde4_12.pod5,NONE_BACKGROUND,10000,40000,0,0.0
2b4efe16-39c0-4ec1-96a5-7e53d9621985,PAQ63858_pass_barcode48_33cbe55b_d2f2cde4_7.pod5,NONE_BACKGROUND,10000,40000,0,0.0
d339f38f-b8d3-4d06-8f8e-c319979686d9,PAQ63858_pass_barcode48_33cbe55b_d2f2cde4_2.pod5,NONE_BACKGROUND,10000,40000,0,0.0
a55c4f0a-ea57-424f-bf60-53841e4a0d65,PAQ63858_pass_barcode48_33cbe55b_d2f2cde4_6.pod5,NONE_BACKGROUND,10000,40000,0,0.0
70e02fe4-7441-4979-af9a-ab6eeea0c3b5,PAQ63858_pass_barcode48_33cbe55b_d2f2cde4_4.pod5,ENA|HEE1644226|HEE1644226.1,188164,198076,1,100.0
c8003e00-d01b-4d81-bc87-b3660b8c805e,PAQ63858_pass_barcode48_33cbe55b_d2f2cde4_0.pod5,NONE_BACKGROUND,10000,40000,0,0.0
91f63036-e0bc-486b-9320-40aeacf20797,PAQ63858_pass_barcode48_33cbe55b_d2f2cde4_1.pod5,NONE_BACKGROUND,10000,40000,0,0.0
149d5a43-1ca9-4aa4-a6d8-afc904397da4,PAQ63858_pass_barcode48_33cbe55b_d2f2cde4_1.pod5,NONE_BACKGROUND,10000,40000,0,0.0
7642e85a-e0e9-4aa6-a64d-c834d9173be0,PAQ63858_pass_barcode48_33cbe55b_d2f2cde4_2.pod5,NONE_BACKGROUND,10000,40000,0,0.0
4743d599-40c5-4bbc-9f8e-341b25282435,PAQ63858_pass_barcode48_33cbe55b_d2f2cde4_11.pod5,NONE_BACKGROUND,10000,40000,0,0.0
1d445c61-547b-4835-bdbb-014509c55391,PAQ63858_pass_barcode48_33cbe55b_d2f2cde4_2.pod5,NONE_BACKGROUND,10000,40000,0,0.0
fed4eb4c-0ae3-4b2e-bed0-047ca35821fb,PAQ63858_pass_barcode48_33cbe55b_d2f2cde4_0.pod5,NONE_BACKGROUND,10000,40000,0,0.0
3fa4b52b-7fc1-4a8a-a214-58266fdd951a,PAQ63858_pass_barcode48_33cbe55b_d2f2cde4_9.pod5,NONE_BACKGROUND,10000,40000,0,0.0
c0ebbdfc-cbb4-47d8-9a2c-614d117de856,PAQ63858_pass_barcode48_33cbe55b_d2f2cde4_11.pod5,NONE_BACKGROUND,10000,40000,0,0.0
2d0a5eee-ef09-4f08-a63c-48452641d7b6,PAQ63858_pass_barcode48_33cbe55b_d2f2cde4_11.pod5,NONE_BACKGROUND,10000,40000,0,0.0
1a8da568-0a38-464d-9681-feda3eddee5c,PAQ63858_pass_barcode48_33cbe55b_d2f2cde4_2.pod5,NONE_BACKGROUND,10000,40000,0,0.0
1a332bf3-444f-416a-8201-9a813a8b1255,PAQ63858_pass_barcode48_33cbe55b_d2f2cde4_0.pod5,ENA|HEE1644226|HEE1644226.1,5002,17704,1,100.0
bd36b478-1e0b-47f4-90f1-3f8bba0b4584,PAQ63858_pass_barcode48_33cbe55b_d2f2cde4_9.pod5,NONE_BACKGROUND,10000,40000,0,0.0
b9a2462a-3f11-4071-8227-d2d9687ec68f,PAQ63858_pass_barcode48_33cbe55b_d2f2cde4_1.pod5,NONE_BACKGROUND,10000,40000,0,0.0
88766969-73d7-4b43-b9ca-c51fefb26af3,PAQ63858_pass_barcode48_33cbe55b_d2f2cde4_9.pod5,NONE_BACKGROUND,10000,40000,0,0.0
f046d9e1-d205-42c0-9a31-794088277a93,PAQ63858_pass_barcode48_33cbe55b_d2f2cde4_4.pod5,NONE_BACKGROUND,10000,40000,0,0.0
677a0cf6-d4bd-48a4-83df-b6daa1295149,PAQ63858_pass_barcode48_33cbe55b_d2f2cde4_11.pod5,NONE_BACKGROUND,10000,40000,0,0.0
4e6ed1e4-179e-4867-abe4-39e951280c2e,PAQ63858_pass_barcode48_33cbe55b_d2f2cde4_5.pod5,ENA|HEE1644226|HEE1644226.1,54514,65836,1,100.0
c9dadadb-2e67-4a1b-b38c-440c15ba5495,PAQ63858_pass_barcode48_33cbe55b_d2f2cde4_0.pod5,NONE_BACKGROUND,10000,40000,0,0.0
60491477-0e33-427f-9611-1e059e42a530,PAQ63858_pass_barcode48_33cbe55b_d2f2cde4_5.pod5,NONE_BACKGROUND,10000,40000,0,0.0
149b9cac-d918-402d-acfb-4fbcfc75013b,PAQ63858_pass_barcode48_33cbe55b_d2f2cde4_1.pod5,NONE_BACKGROUND,10000,40000,0,0.0
2da2abc8-79d1-4329-8549-be7bfc9eac16,PAQ63858_pass_barcode48_33cbe55b_d2f2cde4_6.pod5,ENA|HEE1644226|HEE1644226.1,40342,51538,1,100.0
60f34d72-6daf-42d9-a26e-9b812093ded6,PAQ63858_pass_barcode48_33cbe55b_d2f2cde4_2.pod5,ENA|HEE1644226|HEE1644226.1,8878,19576,1,100.0
2be94bb4-e4cf-476b-91ae-d978d1aae93d,PAQ63858_pass_barcode48_33cbe55b_d2f2cde4_6.pod5,ENA|MZ092836|MZ092836.1,29224,46984,1,99.74
80b39017-2267-4c8d-a3dc-3247bdc225ac,PAQ63858_pass_barcode48_33cbe55b_d2f2cde4_4.pod5,ENA|MH733892|MH733892.1,77290,91870,1,100.0
e3377fff-1668-4d79-bb74-8c0c704633dd,PAQ63858_pass_barcode48_33cbe55b_d2f2cde4_2.pod5,ENA|HEE1644226|HEE1644226.1,39256,49156,1,97.49
1094dbbb-74b2-412d-9573-13a34c320587,PAQ63858_pass_barcode48_33cbe55b_d2f2cde4_1.pod5,NONE_BACKGROUND,10000,40000,0,0.0
5f8bc3f2-b011-416f-99d6-3114a70537ca,PAQ63858_pass_barcode48_33cbe55b_d2f2cde4_0.pod5,NONE_BACKGROUND,10000,40000,0,0.0
b26410e4-967f-478b-ba96-0768e97f5653,PAQ63858_pass_barcode48_33cbe55b_d2f2cde4_9.pod5,NONE_BACKGROUND,10000,40000,0,0.0
2bc7f40e-27f9-47fd-b0b8-0056b6ae79d0,PAQ63858_pass_barcode48_33cbe55b_d2f2cde4_1.pod5,NONE_BACKGROUND,10000,40000,0,0.0
62b4e1f9-40c6-4848-9c7c-28955bfe975f,PAQ63858_pass_barcode48_33cbe55b_d2f2cde4_12.pod5,NONE_BACKGROUND,10000,40000,0,0.0
ad3afac7-5c7d-4ebf-9ff5-74a253b96476,PAQ63858_pass_barcode48_33cbe55b_d2f2cde4_0.pod5,NONE_BACKGROUND,10000,40000,0,0.0
06b6e9a1-850a-4b73-8fd9-c745bdcf33f3,PAQ63858_pass_barcode48_33cbe55b_d2f2cde4_11.pod5,NONE_BACKGROUND,10000,40000,0,0.0
c569ec30-fed6-4390-9545-bc33cd8d1a2d,PAQ63858_pass_barcode48_33cbe55b_d2f2cde4_9.pod5,NONE_BACKGROUND,10000,40000,0,0.0
1844f97d-2ca6-472e-a2b0-a3fb0b9acbc4,PAQ63858_pass_barcode48_33cbe55b_d2f2cde4_2.pod5,NONE_BACKGROUND,10000,40000,0,0.0
f0f47644-2295-4158-95f2-d3cc6b5a4024,PAQ63858_pass_barcode48_33cbe55b_d2f2cde4_9.pod5,NONE_BACKGROUND,10000,40000,0,0.0
a1bb81a6-2b02-404c-a962-adda9ab0e3e0,PAQ63858_pass_barcode48_33cbe55b_d2f2cde4_5.pod5,ENA|MH733892|MH733892.1,40114,50914,1,100.0
bd55b697-91f9-4abb-bb84-6afe7cbb4e9d,PAQ63858_pass_barcode48_33cbe55b_d2f2cde4_9.pod5,ENA|HEE1644226|HEE1644226.1,21526,32410,1,100.0
65a295c5-3f6d-4be3-bf8f-deeacc7c281c,PAQ63858_pass_barcode48_33cbe55b_d2f2cde4_8.pod5,NONE_BACKGROUND,10000,40000,0,0.0
2b456f59-5853-48e5-82e7-a8152bb4d00a,PAQ63858_pass_barcode48_33cbe55b_d2f2cde4_8.pod5,NONE_BACKGROUND,10000,40000,0,0.0
a95b134e-3e5d-4f9d-9619-cadbf546ebd8,PAQ63858_pass_barcode48_33cbe55b_d2f2cde4_11.pod5,ENA|MH733892|MH733892.1,199660,210154,1,100.0
c7080ddc-0966-4dd0-ae88-b4e2e83183cf,PAQ63858_pass_barcode48_33cbe55b_d2f2cde4_12.pod5,NONE_BACKGROUND,10000,40000,0,0.0
374b42f6-c8c6-4afe-9b01-4c0a03c71615,PAQ63858_pass_barcode48_33cbe55b_d2f2cde4_11.pod5,NONE_BACKGROUND,10000,40000,0,0.0
5afaaa00-b32c-494c-aac0-b552ef96d61a,PAQ63858_pass_barcode48_33cbe55b_d2f2cde4_9.pod5,ENA|HEE1644226|HEE1644226.1,67318,78988,1,100.0
53aa6a21-a622-4ce0-b600-7cb7c322d39f,PAQ63858_pass_barcode48_33cbe55b_d2f2cde4_10.pod5,ENA|HEE1644226|HEE1644226.1,26848,37468,1,100.0
a95b134e-3e5d-4f9d-9619-cadbf546ebd8,PAQ63858_pass_barcode48_33cbe55b_d2f2cde4_11.pod5,ENA|MH733892|MH733892.1,722320,722320,1,100.0
2eb2a683-64ab-4c26-9c40-4a151f03e7f1,PAQ63858_pass_barcode48_33cbe55b_d2f2cde4_4.pod5,ENA|HEE1644226|HEE1644226.1,37576,48148,1,100.0
a3e16dba-8111-40d7-bfaf-91275fa4f3ab,PAQ63858_pass_barcode48_33cbe55b_d2f2cde4_9.pod5,NONE_BACKGROUND,10000,40000,0,0.0
70b5a2bf-0b76-47f5-ac10-2a7508bc9e83,PAQ63858_pass_barcode48_33cbe55b_d2f2cde4_9.pod5,NONE_BACKGROUND,10000,40000,0,0.0
f1a74803-0d36-4928-a3a4-d8a155e15658,PAQ63858_pass_barcode48_33cbe55b_d2f2cde4_1.pod5,ENA|MZ092836|MZ092836.1,47224,61132,1,100.0
6205282f-33b3-43a7-a8d9-645b32be9df2,PAQ63858_pass_barcode48_33cbe55b_d2f2cde4_0.pod5,NONE_BACKGROUND,10000,40000,0,0.0
6bb5d022-e7e7-41fb-ac79-21facf7bf3dc,PAQ63858_pass_barcode48_33cbe55b_d2f2cde4_7.pod5,ENA|HEE1644226|HEE1644226.1,27892,37942,1,100.0
d7079355-181d-4e42-9138-f51519f55725,PAQ63858_pass_barcode48_33cbe55b_d2f2cde4_10.pod5,NONE_BACKGROUND,10000,40000,0,0.0
de29ecc3-c50e-4761-8b35-49a9e0c8d71f,PAQ63858_pass_barcode48_33cbe55b_d2f2cde4_6.pod5,NONE_BACKGROUND,10000,40000,0,0.0
5a0544f8-6c15-4837-8255-af3f60b3fb5b,PAQ63858_pass_barcode48_33cbe55b_d2f2cde4_1.pod5,NONE_BACKGROUND,10000,40000,0,0.0
f377b831-5ae6-47bf-b690-77cb9da4d9c9,PAQ63858_pass_barcode48_33cbe55b_d2f2cde4_6.pod5,NONE_BACKGROUND,10000,40000,0,0.0
aeb24406-f712-4468-8b92-b767a6ba53f4,PAQ63858_pass_barcode48_33cbe55b_d2f2cde4_6.pod5,NONE_BACKGROUND,10000,40000,0,0.0
489f9449-acbf-4729-baae-e3aabc5a4755,PAQ63858_pass_barcode48_33cbe55b_d2f2cde4_1.pod5,NONE_BACKGROUND,10000,40000,0,0.0
81d4d17a-a8c4-4425-b4e6-ad6fa20c9a7f,PAQ63858_pass_barcode48_33cbe55b_d2f2cde4_5.pod5,NONE_BACKGROUND,10000,40000,0,0.0
57f03fca-498a-48b1-968a-168a73a14f4a,PAQ63858_pass_barcode48_33cbe55b_d2f2cde4_1.pod5,NONE_BACKGROUND,10000,40000,0,0.0
4f589672-5603-472f-a60b-7198735cc1e1,PAQ63858_pass_barcode48_33cbe55b_d2f2cde4_12.pod5,NONE_BACKGROUND,10000,40000,0,0.0
e118d770-65eb-4e62-9d06-ca9b9276fc6b,PAQ63858_pass_barcode48_33cbe55b_d2f2cde4_11.pod5,NONE_BACKGROUND,10000,40000,0,0.0
afb912d8-276a-4ea2-86f4-afddc27d230b,PAQ63858_pass_barcode48_33cbe55b_d2f2cde4_2.pod5,NONE_BACKGROUND,10000,40000,0,0.0
00ca387a-30f2-42e5-9b64-05b68e8c3b7a,PAQ63858_pass_barcode48_33cbe55b_d2f2cde4_3.pod5,ENA|MZ092836|MZ092836.1,23722,37456,1,99.49
a7b715a3-aa46-4478-b9f2-dedd6d5bbfad,PAQ63858_pass_barcode48_33cbe55b_d2f2cde4_3.pod5,ENA|MH733892|MH733892.1,19474,28918,1,100.0
d42944db-8827-484d-ac24-5d775e3f42af,PAQ63858_pass_barcode48_33cbe55b_d2f2cde4_6.pod5,NONE_BACKGROUND,10000,40000,0,0.0
274d7771-8113-4c19-bd70-54c52b3f8e7f,PAQ63858_pass_barcode48_33cbe55b_d2f2cde4_0.pod5,NONE_BACKGROUND,10000,40000,0,0.0
10a6a727-aa6c-43d3-87e3-4d1d2d9bcc4a,PAQ63858_pass_barcode48_33cbe55b_d2f2cde4_1.pod5,NONE_BACKGROUND,10000,40000,0,0.0
f71e5c0f-04b6-400a-bca9-ac300b6b6e2a,PAQ63858_pass_barcode48_33cbe55b_d2f2cde4_4.pod5,NONE_BACKGROUND,10000,40000,0,0.0
5bd08713-c575-4145-af7e-ed42dd917575,PAQ63858_pass_barcode48_33cbe55b_d2f2cde4_3.pod5,NONE_BACKGROUND,10000,40000,0,0.0
08132fe4-684a-431d-bd5e-0548a83a4982,PAQ63858_pass_barcode48_33cbe55b_d2f2cde4_7.pod5,ENA|HEE1644226|HEE1644226.1,43426,55840,1,98.09
edfce87f-3006-40bb-976b-b50f633114d8,PAQ63858_pass_barcode48_33cbe55b_d2f2cde4_3.pod5,NONE_BACKGROUND,10000,40000,0,0.0
9990b8cb-02d7-4dbc-9b41-93101470e75d,PAQ63858_pass_barcode48_33cbe55b_d2f2cde4_1.pod5,NONE_BACKGROUND,10000,40000,0,0.0
ffc6eba4-36ac-48c7-a41d-098b470be22e,PAQ63858_pass_barcode48_33cbe55b_d2f2cde4_0.pod5,ENA|HEE1644226|HEE1644226.1,68182,82978,1,100.0
31fc7a87-b0da-4a9c-bc7f-94eb026a065e,PAQ63858_pass_barcode48_33cbe55b_d2f2cde4_2.pod5,NONE_BACKGROUND,10000,40000,0,0.0
cc44332d-0b76-4692-a885-e34cc8c27b28,PAQ63858_pass_barcode48_33cbe55b_d2f2cde4_2.pod5,NONE_BACKGROUND,10000,40000,0,0.0
6fbd46d3-362f-4e43-9254-f084f7cceedb,PAQ63858_pass_barcode48_33cbe55b_d2f2cde4_10.pod5,ENA|HEE1644226|HEE1644226.1,76864,86062,1,100.0
cf18953b-4421-4e77-a0a5-e5320cf0d0e7,PAQ63858_pass_barcode48_33cbe55b_d2f2cde4_1.pod5,NONE_BACKGROUND,10000,40000,0,0.0
3230e92d-73da-4c93-abf5-770d215d8a3a,PAQ63858_pass_barcode48_33cbe55b_d2f2cde4_2.pod5,ENA|HEE1644226|HEE1644226.1,64804,75520,1,100.0
dc90a1a2-800f-46fd-8c77-6b2e627e91cb,PAQ63858_pass_barcode48_33cbe55b_d2f2cde4_4.pod5,NONE_BACKGROUND,10000,40000,0,0.0
f5a0be95-879a-45af-a947-80088a7d3360,PAQ63858_pass_barcode48_33cbe55b_d2f2cde4_0.pod5,NONE_BACKGROUND,10000,40000,0,0.0
6df81aa4-bae7-4b6e-8680-b0470387e5f8,PAQ63858_pass_barcode48_33cbe55b_d2f2cde4_7.pod5,NONE_BACKGROUND,10000,40000,0,0.0
0ac97e79-22e0-469e-b76a-748a8a8dad58,PAQ63858_pass_barcode48_33cbe55b_d2f2cde4_7.pod5,NONE_BACKGROUND,10000,40000,0,0.0
610489bb-e9c4-4bf1-8034-fd076ba28ba8,PAQ63858_pass_barcode48_33cbe55b_d2f2cde4_3.pod5,ENA|HEE1644226|HEE1644226.1,19720,29650,1,99.64
6f1e7af5-65ba-474f-81ce-9b4c7a674f08,PAQ63858_pass_barcode48_33cbe55b_d2f2cde4_9.pod5,NONE_BACKGROUND,10000,40000,0,0.0
0f05e003-10ab-4e34-a55c-f463934b36fc,PAQ63858_pass_barcode48_33cbe55b_d2f2cde4_8.pod5,NONE_BACKGROUND,10000,40000,0,0.0
7cee8771-8b32-4588-9420-49d0a81d27e9,PAQ63858_pass_barcode48_33cbe55b_d2f2cde4_8.pod5,NONE_BACKGROUND,10000,40000,0,0.0
17a2104c-4a53-4858-a3a3-914c5a96e152,PAQ63858_pass_barcode48_33cbe55b_d2f2cde4_8.pod5,NONE_BACKGROUND,10000,40000,0,0.0
3c9ad671-4386-45f1-aed7-b7d82e2126ea,PAQ63858_pass_barcode48_33cbe55b_d2f2cde4_10.pod5,ENA|HEE1644226|HEE1644226.1,34522,46756,1,99.04
e4416f52-73e2-4121-8d74-d19460ded8fd,PAQ63858_pass_barcode48_33cbe55b_d2f2cde4_1.pod5,NONE_BACKGROUND,10000,40000,0,0.0
46643beb-d2ca-41ac-a4dc-930872395947,PAQ63858_pass_barcode48_33cbe55b_d2f2cde4_2.pod5,NONE_BACKGROUND,10000,40000,0,0.0
203c6635-1c83-4003-ae60-7a7e60d3be54,PAQ63858_pass_barcode48_33cbe55b_d2f2cde4_4.pod5,NONE_BACKGROUND,10000,40000,0,0.0
5d52e18b-1642-4ed4-b88e-2d6f6f0c8a68,PAQ63858_pass_barcode48_33cbe55b_d2f2cde4_0.pod5,NONE_BACKGROUND,10000,40000,0,0.0
c88ef499-0b34-409b-9e05-1c6165ea97ea,PAQ63858_pass_barcode48_33cbe55b_d2f2cde4_6.pod5,ENA|MH733892|MH733892.1,64222,88282,1,100.0
342d8059-581e-4b28-8f88-cf23cd71cf4a,PAQ63858_pass_barcode48_33cbe55b_d2f2cde4_2.pod5,NONE_BACKGROUND,10000,40000,0,0.0
868fbe16-72bb-40d7-8a8c-2b63f959e5b8,PAQ63858_pass_barcode48_33cbe55b_d2f2cde4_8.pod5,NONE_BACKGROUND,10000,40000,0,0.0
fa617c9d-00ae-4cba-8ff2-c3838c453204,PAQ63858_pass_barcode48_33cbe55b_d2f2cde4_12.pod5,NONE_BACKGROUND,10000,40000,0,0.0
7a76c023-9060-4662-bf1a-b25da184150f,PAQ63858_pass_barcode48_33cbe55b_d2f2cde4_1.pod5,NONE_BACKGROUND,10000,40000,0,0.0
ad879aef-a4c0-4a56-b0c1-0473bf61ff30,PAQ63858_pass_barcode48_33cbe55b_d2f2cde4_1.pod5,NONE_BACKGROUND,10000,40000,0,0.0
56ccc8a7-d2d6-4c7d-9821-dada0217f037,PAQ63858_pass_barcode48_33cbe55b_d2f2cde4_3.pod5,NONE_BACKGROUND,10000,40000,0,0.0
0383b258-7eb4-41c8-9210-a7bd3d4f7586,PAQ63858_pass_barcode48_33cbe55b_d2f2cde4_2.pod5,NONE_BACKGROUND,10000,40000,0,0.0
8b8ea116-dc75-40aa-b49b-2301cff47206,PAQ63858_pass_barcode48_33cbe55b_d2f2cde4_2.pod5,NONE_BACKGROUND,10000,40000,0,0.0
25668e43-3cfe-43e4-9866-72f7f34f061b,PAQ63858_pass_barcode48_33cbe55b_d2f2cde4_6.pod5,NONE_BACKGROUND,10000,40000,0,0.0
bd15beba-6c7f-49cb-88ff-37b7b80f5a4d,PAQ63858_pass_barcode48_33cbe55b_d2f2cde4_10.pod5,ENA|MZ092836|MZ092836.1,49168,65290,1,100.0
aef3471b-f267-422d-9083-d43113f576d5,PAQ63858_pass_barcode48_33cbe55b_d2f2cde4_3.pod5,NONE_BACKGROUND,10000,40000,0,0.0
fdd5fae6-9a3e-47bf-95c7-e2e35f1f6f56,PAQ63858_pass_barcode48_33cbe55b_d2f2cde4_12.pod5,NONE_BACKGROUND,10000,40000,0,0.0
caaedbce-490c-423f-bdde-582a151fbf97,PAQ63858_pass_barcode48_33cbe55b_d2f2cde4_2.pod5,NONE_BACKGROUND,10000,40000,0,0.0
2235c9cb-ce9d-41fc-b30d-8bc391d7eada,PAQ63858_pass_barcode48_33cbe55b_d2f2cde4_0.pod5,NONE_BACKGROUND,10000,40000,0,0.0
8c36e30e-ddd9-4a65-9532-49ab6d8f17e6,PAQ63858_pass_barcode48_33cbe55b_d2f2cde4_8.pod5,ENA|HEE1644226|HEE1644226.1,105340,123448,1,99.4
847fddc6-6823-4b47-8569-f6449c36167b,PAQ63858_pass_barcode48_33cbe55b_d2f2cde4_12.pod5,NONE_BACKGROUND,10000,40000,0,0.0
63db393e-3bbe-4a98-a8af-f4d9cf2dba72,PAQ63858_pass_barcode48_33cbe55b_d2f2cde4_0.pod5,NONE_BACKGROUND,10000,40000,0,0.0
a72042a9-98bb-45ea-9ac3-b8399682ffb8,PAQ63858_pass_barcode48_33cbe55b_d2f2cde4_4.pod5,NONE_BACKGROUND,10000,40000,0,0.0
8f1d2d0f-39fa-4f48-855f-6925f2551fef,PAQ63858_pass_barcode48_33cbe55b_d2f2cde4_9.pod5,NONE_BACKGROUND,10000,40000,0,0.0
7d426a40-84bc-4f8f-a6aa-b7f30b7a3194,PAQ63858_pass_barcode48_33cbe55b_d2f2cde4_12.pod5,ENA|HEE1644226|HEE1644226.1,12742,23362,1,100.0
50909f00-38fb-4f5a-a767-3caff46fc16f,PAQ63858_pass_barcode48_33cbe55b_d2f2cde4_2.pod5,NONE_BACKGROUND,10000,40000,0,0.0
1f637817-b11d-4211-99a4-d7b22e6d478f,PAQ63858_pass_barcode48_33cbe55b_d2f2cde4_2.pod5,NONE_BACKGROUND,10000,40000,0,0.0
af567c58-e1e3-4f0c-87b8-284ca3f408ce,PAQ63858_pass_barcode48_33cbe55b_d2f2cde4_3.pod5,ENA|MH733892|MH733892.1,3088,13966,1,100.0
ca1bb345-d9d4-4a0b-a900-fabbdd551002,PAQ63858_pass_barcode48_33cbe55b_d2f2cde4_4.pod5,NONE_BACKGROUND,10000,40000,0,0.0
24da26f9-7b04-4b3d-9045-d084a31c2925,PAQ63858_pass_barcode48_33cbe55b_d2f2cde4_2.pod5,ENA|MZ092836|MZ092836.1,55942,81490,1,100.0
5acdbba8-b3a5-447d-b9bd-9079725ad8bf,PAQ63858_pass_barcode48_33cbe55b_d2f2cde4_9.pod5,NONE_BACKGROUND,10000,40000,0,0.0
5ddccacf-b316-4fa4-8fc4-f3b545506f7b,PAQ63858_pass_barcode48_33cbe55b_d2f2cde4_5.pod5,NONE_BACKGROUND,10000,40000,0,0.0
b04bf8a2-9c09-4fd4-8b54-589381148b28,PAQ63858_pass_barcode48_33cbe55b_d2f2cde4_4.pod5,NONE_BACKGROUND,10000,40000,0,0.0
9cda5f6e-8780-4846-b7dc-479b9c5b23b1,PAQ63858_pass_barcode48_33cbe55b_d2f2cde4_0.pod5,NONE_BACKGROUND,10000,40000,0,0.0
4b2c3474-4b21-4e13-8f24-bcbae7bd5c1b,PAQ63858_pass_barcode48_33cbe55b_d2f2cde4_1.pod5,NONE_BACKGROUND,10000,40000,0,0.0
2ddee77b-83d5-4f97-b949-7b417d031130,PAQ63858_pass_barcode48_33cbe55b_d2f2cde4_11.pod5,NONE_BACKGROUND,10000,40000,0,0.0
d36d78be-ba0b-4476-92f8-9bc5ccf0643b,PAQ63858_pass_barcode48_33cbe55b_d2f2cde4_0.pod5,NONE_BACKGROUND,10000,40000,0,0.0
4b4068ad-9d25-4043-97d1-26c00fd42d89,PAQ63858_pass_barcode48_33cbe55b_d2f2cde4_11.pod5,ENA|MH733892|MH733892.1,163762,174784,1,100.0
b40e1ac0-351f-4496-a189-d75bdd8f3be5,PAQ63858_pass_barcode48_33cbe55b_d2f2cde4_10.pod5,NONE_BACKGROUND,10000,40000,0,0.0
7789729a-0896-4285-9106-c58c683528c8,PAQ63858_pass_barcode48_33cbe55b_d2f2cde4_6.pod5,ENA|HEE1644226|HEE1644226.1,66748,75250,1,100.0
21f7955f-bda0-494e-a68e-6b5e3a8f6cf4,PAQ63858_pass_barcode48_33cbe55b_d2f2cde4_10.pod5,NONE_BACKGROUND,10000,40000,0,0.0
56871155-9b70-4cf6-b29b-4c2f43a18b11,PAQ63858_pass_barcode48_33cbe55b_d2f2cde4_3.pod5,ENA|HEE1644226|HEE1644226.1,189106,199720,1,100.0
6b398444-d143-48c6-80e5-0f2b3f909fd1,PAQ63858_pass_barcode48_33cbe55b_d2f2cde4_9.pod5,NONE_BACKGROUND,10000,40000,0,0.0
bd37a95c-3c54-4a76-a3f7-c079d2c2551a,PAQ63858_pass_barcode48_33cbe55b_d2f2cde4_3.pod5,NONE_BACKGROUND,10000,40000,0,0.0
7edd15c8-4266-4120-a3ce-3bd686cf936f,PAQ63858_pass_barcode48_33cbe55b_d2f2cde4_5.pod5,NONE_BACKGROUND,10000,40000,0,0.0
bcc809ef-6088-45ff-be46-dff9971ea74d,PAQ63858_pass_barcode48_33cbe55b_d2f2cde4_1.pod5,NONE_BACKGROUND,10000,40000,0,0.0
63d5a4c5-9620-4fa5-8518-eed3ab962e5c,PAQ63858_pass_barcode48_33cbe55b_d2f2cde4_9.pod5,ENA|HEE1644226|HEE1644226.1,15976,27274,1,98.81
72050f37-b49f-4e32-8363-ed7d6e96dc89,PAQ63858_pass_barcode48_33cbe55b_d2f2cde4_0.pod5,NONE_BACKGROUND,10000,40000,0,0.0
c21ecf38-5f16-4040-972e-bd9b05ed6527,PAQ63858_pass_barcode48_33cbe55b_d2f2cde4_11.pod5,ENA|HEE1644226|HEE1644226.1,30556,42802,1,100.0
2db6e198-47f7-4439-96d6-4f2197957462,PAQ63858_pass_barcode48_33cbe55b_d2f2cde4_11.pod5,NONE_BACKGROUND,10000,40000,0,0.0
ebf37b28-431e-4937-b8aa-2094e875b1dd,PAQ63858_pass_barcode48_33cbe55b_d2f2cde4_1.pod5,ENA|HEE1644226|HEE1644226.1,123382,136066,1,100.0
ddf4b0fb-9c59-4ab5-a5e3-2f19ebad9540,PAQ63858_pass_barcode48_33cbe55b_d2f2cde4_7.pod5,ENA|HEE1644226|HEE1644226.1,39016,48676,1,100.0
e532e93a-59ad-4ecc-bc39-084ee87f4e1f,PAQ63858_pass_barcode48_33cbe55b_d2f2cde4_5.pod5,NONE_BACKGROUND,10000,40000,0,0.0
fd6e3b77-5b3b-45e0-8bd2-160d83dc900b,PAQ63858_pass_barcode48_33cbe55b_d2f2cde4_9.pod5,NONE_BACKGROUND,10000,40000,0,0.0
0e391675-1ea4-4637-8bbf-06f591c1e59b,PAQ63858_pass_barcode48_33cbe55b_d2f2cde4_6.pod5,ENA|HEE1644226|HEE1644226.1,60844,69898,1,100.0
